{
  "best_metric": 0.18442946672439575,
  "best_model_checkpoint": "fine_tune/checkpoint-6270",
  "epoch": 10.0,
  "global_step": 6270,
  "is_hyper_param_search": false,
  "is_local_process_zero": true,
  "is_world_process_zero": true,
  "log_history": [
    {
      "epoch": 1.0,
      "learning_rate": 6.65249734325186e-05,
      "loss": 0.7125,
      "step": 627
    },
    {
      "epoch": 1.0,
      "eval_MAE": 7.690382957458496,
      "eval_MAE_DeltaG_EP_gas_molar_kcal_mol": 7.837040424346924,
      "eval_MAE_DeltaG_ET_gas_molar_kcal_mol": 7.543724536895752,
      "eval_R2": 0.49270517819526133,
      "eval_R2_DeltaG_EP_gas_molar_kcal_mol": 0.6117974487691773,
      "eval_R2_DeltaG_ET_gas_molar_kcal_mol": 0.3736128913741462,
      "eval_RMSE": 11.17485237121582,
      "eval_RMSE_DeltaG_EP_gas_molar_kcal_mol": 10.751402854919434,
      "eval_RMSE_DeltaG_ET_gas_molar_kcal_mol": 11.598299026489258,
      "eval_loss": 0.34632933139801025,
      "eval_runtime": 0.4155,
      "eval_samples_per_second": 1468.132,
      "eval_scaled_MAE": 0.406528115272522,
      "eval_scaled_MSE_loss": 0.34632933139801025,
      "eval_scaled_R2": 0.49270518859048407,
      "eval_scaled_RMSE": 0.5875015258789062,
      "eval_steps_per_second": 93.864,
      "step": 627
    },
    {
      "epoch": 2.0,
      "learning_rate": 9.992479624155242e-05,
      "loss": 0.2694,
      "step": 1254
    },
    {
      "epoch": 2.0,
      "eval_MAE": 8.09549617767334,
      "eval_MAE_DeltaG_EP_gas_molar_kcal_mol": 5.530733585357666,
      "eval_MAE_DeltaG_ET_gas_molar_kcal_mol": 10.660260200500488,
      "eval_R2": 0.4232349377082796,
      "eval_R2_DeltaG_EP_gas_molar_kcal_mol": 0.7285099145942542,
      "eval_R2_DeltaG_ET_gas_molar_kcal_mol": 0.11795993794399162,
      "eval_RMSE": 11.377113342285156,
      "eval_RMSE_DeltaG_EP_gas_molar_kcal_mol": 8.99110221862793,
      "eval_RMSE_DeltaG_ET_gas_molar_kcal_mol": 13.763124465942383,
      "eval_loss": 0.3506903350353241,
      "eval_runtime": 0.4311,
      "eval_samples_per_second": 1415.116,
      "eval_scaled_MAE": 0.4141780734062195,
      "eval_scaled_MSE_loss": 0.3506903648376465,
      "eval_scaled_R2": 0.4232349582365445,
      "eval_scaled_RMSE": 0.5882387161254883,
      "eval_steps_per_second": 90.475,
      "step": 1254
    },
    {
      "epoch": 3.0,
      "learning_rate": 9.93201957721126e-05,
      "loss": 0.1813,
      "step": 1881
    },
    {
      "epoch": 3.0,
      "eval_MAE": 5.226709365844727,
      "eval_MAE_DeltaG_EP_gas_molar_kcal_mol": 5.264095306396484,
      "eval_MAE_DeltaG_ET_gas_molar_kcal_mol": 5.189327239990234,
      "eval_R2": 0.6866578112943852,
      "eval_R2_DeltaG_EP_gas_molar_kcal_mol": 0.7619197529961497,
      "eval_R2_DeltaG_ET_gas_molar_kcal_mol": 0.6113958595130249,
      "eval_RMSE": 8.777548789978027,
      "eval_RMSE_DeltaG_EP_gas_molar_kcal_mol": 8.419719696044922,
      "eval_RMSE_DeltaG_ET_gas_molar_kcal_mol": 9.135379791259766,
      "eval_loss": 0.21348674595355988,
      "eval_runtime": 0.4163,
      "eval_samples_per_second": 1465.298,
      "eval_scaled_MAE": 0.2759784162044525,
      "eval_scaled_MSE_loss": 0.2134867161512375,
      "eval_scaled_R2": 0.6866578142169532,
      "eval_scaled_RMSE": 0.4613391160964966,
      "eval_steps_per_second": 93.683,
      "step": 1881
    },
    {
      "epoch": 4.0,
      "learning_rate": 9.811688146651896e-05,
      "loss": 0.1478,
      "step": 2508
    },
    {
      "epoch": 4.0,
      "eval_MAE": 4.940343856811523,
      "eval_MAE_DeltaG_EP_gas_molar_kcal_mol": 4.805682182312012,
      "eval_MAE_DeltaG_ET_gas_molar_kcal_mol": 5.075011253356934,
      "eval_R2": 0.6873473917964859,
      "eval_R2_DeltaG_EP_gas_molar_kcal_mol": 0.7771460278392264,
      "eval_R2_DeltaG_ET_gas_molar_kcal_mol": 0.5975487453149839,
      "eval_RMSE": 8.721372604370117,
      "eval_RMSE_DeltaG_EP_gas_molar_kcal_mol": 8.146032333374023,
      "eval_RMSE_DeltaG_ET_gas_molar_kcal_mol": 9.29671573638916,
      "eval_loss": 0.20928959548473358,
      "eval_runtime": 0.4137,
      "eval_samples_per_second": 1474.326,
      "eval_scaled_MAE": 0.2599973678588867,
      "eval_scaled_MSE_loss": 0.20928961038589478,
      "eval_scaled_R2": 0.6873473989855217,
      "eval_scaled_RMSE": 0.45727384090423584,
      "eval_steps_per_second": 94.26,
      "step": 2508
    },
    {
      "epoch": 5.0,
      "learning_rate": 9.632946074699927e-05,
      "loss": 0.1214,
      "step": 3135
    },
    {
      "epoch": 5.0,
      "eval_MAE": 4.72940731048584,
      "eval_MAE_DeltaG_EP_gas_molar_kcal_mol": 4.471725940704346,
      "eval_MAE_DeltaG_ET_gas_molar_kcal_mol": 4.987086772918701,
      "eval_R2": 0.703308007652658,
      "eval_R2_DeltaG_EP_gas_molar_kcal_mol": 0.8054304768155551,
      "eval_R2_DeltaG_ET_gas_molar_kcal_mol": 0.60118552814533,
      "eval_RMSE": 8.433083534240723,
      "eval_RMSE_DeltaG_EP_gas_molar_kcal_mol": 7.611554145812988,
      "eval_RMSE_DeltaG_ET_gas_molar_kcal_mol": 9.25461483001709,
      "eval_loss": 0.19431908428668976,
      "eval_runtime": 0.402,
      "eval_samples_per_second": 1517.297,
      "eval_scaled_MAE": 0.24824438989162445,
      "eval_scaled_MSE_loss": 0.19431906938552856,
      "eval_scaled_R2": 0.7033080110098349,
      "eval_scaled_RMSE": 0.44081586599349976,
      "eval_steps_per_second": 97.008,
      "step": 3135
    },
    {
      "epoch": 6.0,
      "learning_rate": 9.397963169278967e-05,
      "loss": 0.1053,
      "step": 3762
    },
    {
      "epoch": 6.0,
      "eval_MAE": 4.985194683074951,
      "eval_MAE_DeltaG_EP_gas_molar_kcal_mol": 4.6655049324035645,
      "eval_MAE_DeltaG_ET_gas_molar_kcal_mol": 5.304882526397705,
      "eval_R2": 0.6883197871802335,
      "eval_R2_DeltaG_EP_gas_molar_kcal_mol": 0.786283281216855,
      "eval_R2_DeltaG_ET_gas_molar_kcal_mol": 0.5903562825182925,
      "eval_RMSE": 8.678352355957031,
      "eval_RMSE_DeltaG_EP_gas_molar_kcal_mol": 7.9772868156433105,
      "eval_RMSE_DeltaG_ET_gas_molar_kcal_mol": 9.37942123413086,
      "eval_loss": 0.2064979374408722,
      "eval_runtime": 0.417,
      "eval_samples_per_second": 1462.849,
      "eval_scaled_MAE": 0.261427104473114,
      "eval_scaled_MSE_loss": 0.2064979374408722,
      "eval_scaled_R2": 0.6883197925358808,
      "eval_scaled_RMSE": 0.45436739921569824,
      "eval_steps_per_second": 93.526,
      "step": 3762
    },
    {
      "epoch": 7.0,
      "learning_rate": 9.109591964012059e-05,
      "loss": 0.0922,
      "step": 4389
    },
    {
      "epoch": 7.0,
      "eval_MAE": 4.489563465118408,
      "eval_MAE_DeltaG_EP_gas_molar_kcal_mol": 4.4832940101623535,
      "eval_MAE_DeltaG_ET_gas_molar_kcal_mol": 4.495835781097412,
      "eval_R2": 0.7111312843255639,
      "eval_R2_DeltaG_EP_gas_molar_kcal_mol": 0.7932547738468723,
      "eval_R2_DeltaG_ET_gas_molar_kcal_mol": 0.629007785181477,
      "eval_RMSE": 8.38603401184082,
      "eval_RMSE_DeltaG_EP_gas_molar_kcal_mol": 7.846097469329834,
      "eval_RMSE_DeltaG_ET_gas_molar_kcal_mol": 8.9259672164917,
      "eval_loss": 0.1935826539993286,
      "eval_runtime": 0.4152,
      "eval_samples_per_second": 1469.289,
      "eval_scaled_MAE": 0.23686164617538452,
      "eval_scaled_MSE_loss": 0.19358262419700623,
      "eval_scaled_R2": 0.711131289251175,
      "eval_scaled_RMSE": 0.4397585690021515,
      "eval_steps_per_second": 93.938,
      "step": 4389
    },
    {
      "epoch": 8.0,
      "learning_rate": 8.771910196464443e-05,
      "loss": 0.0842,
      "step": 5016
    },
    {
      "epoch": 8.0,
      "eval_MAE": 4.422908306121826,
      "eval_MAE_DeltaG_EP_gas_molar_kcal_mol": 4.159855365753174,
      "eval_MAE_DeltaG_ET_gas_molar_kcal_mol": 4.685964584350586,
      "eval_R2": 0.7104855927827062,
      "eval_R2_DeltaG_EP_gas_molar_kcal_mol": 0.8069043158987119,
      "eval_R2_DeltaG_ET_gas_molar_kcal_mol": 0.6140668596563849,
      "eval_RMSE": 8.343301773071289,
      "eval_RMSE_DeltaG_EP_gas_molar_kcal_mol": 7.582671165466309,
      "eval_RMSE_DeltaG_ET_gas_molar_kcal_mol": 9.103930473327637,
      "eval_loss": 0.19043777883052826,
      "eval_runtime": 0.4155,
      "eval_samples_per_second": 1468.043,
      "eval_scaled_MAE": 0.2320447862148285,
      "eval_scaled_MSE_loss": 0.19043779373168945,
      "eval_scaled_R2": 0.7104855951568045,
      "eval_scaled_RMSE": 0.43638676404953003,
      "eval_steps_per_second": 93.858,
      "step": 5016
    },
    {
      "epoch": 9.0,
      "learning_rate": 8.387939333982954e-05,
      "loss": 0.0749,
      "step": 5643
    },
    {
      "epoch": 9.0,
      "eval_MAE": 4.318948268890381,
      "eval_MAE_DeltaG_EP_gas_molar_kcal_mol": 4.3261613845825195,
      "eval_MAE_DeltaG_ET_gas_molar_kcal_mol": 4.311736106872559,
      "eval_R2": 0.7115901064257557,
      "eval_R2_DeltaG_EP_gas_molar_kcal_mol": 0.7829135860546119,
      "eval_R2_DeltaG_ET_gas_molar_kcal_mol": 0.6402666174661521,
      "eval_RMSE": 8.414706230163574,
      "eval_RMSE_DeltaG_EP_gas_molar_kcal_mol": 8.03993034362793,
      "eval_RMSE_DeltaG_ET_gas_molar_kcal_mol": 8.789482116699219,
      "eval_loss": 0.19598011672496796,
      "eval_runtime": 0.4123,
      "eval_samples_per_second": 1479.556,
      "eval_scaled_MAE": 0.22792744636535645,
      "eval_scaled_MSE_loss": 0.19598011672496796,
      "eval_scaled_R2": 0.7115901123514243,
      "eval_scaled_RMSE": 0.4421076774597168,
      "eval_steps_per_second": 94.595,
      "step": 5643
    },
    {
      "epoch": 10.0,
      "learning_rate": 7.962841178238523e-05,
      "loss": 0.0667,
      "step": 6270
    },
    {
      "epoch": 10.0,
      "eval_MAE": 4.044898986816406,
      "eval_MAE_DeltaG_EP_gas_molar_kcal_mol": 3.6580190658569336,
      "eval_MAE_DeltaG_ET_gas_molar_kcal_mol": 4.4317803382873535,
      "eval_R2": 0.7164147036845911,
      "eval_R2_DeltaG_EP_gas_molar_kcal_mol": 0.8191747440982786,
      "eval_R2_DeltaG_ET_gas_molar_kcal_mol": 0.6136546532498964,
      "eval_RMSE": 8.223291397094727,
      "eval_RMSE_DeltaG_EP_gas_molar_kcal_mol": 7.337793827056885,
      "eval_RMSE_DeltaG_ET_gas_molar_kcal_mol": 9.108790397644043,
      "eval_loss": 0.18442946672439575,
      "eval_runtime": 0.4135,
      "eval_samples_per_second": 1475.046,
      "eval_scaled_MAE": 0.2114720642566681,
      "eval_scaled_MSE_loss": 0.18442948162555695,
      "eval_scaled_R2": 0.7164147060618198,
      "eval_scaled_RMSE": 0.4294223189353943,
      "eval_steps_per_second": 94.306,
      "step": 6270
    }
  ],
  "max_steps": 18810,
  "num_train_epochs": 30,
  "total_flos": 146825160192000.0,
  "trial_name": null,
  "trial_params": null
}
