{
  "best_metric": 0.14514201879501343,
  "best_model_checkpoint": "fine_tune/checkpoint-10048",
  "epoch": 16.0,
  "global_step": 10048,
  "is_hyper_param_search": false,
  "is_local_process_zero": true,
  "is_world_process_zero": true,
  "log_history": [
    {
      "epoch": 1.0,
      "learning_rate": 6.656050955414013e-05,
      "loss": 0.6799,
      "step": 628
    },
    {
      "epoch": 1.0,
      "eval_MAE": 7.236961364746094,
      "eval_MAE_DeltaG_EP_gas_molar_kcal_mol": 7.001448154449463,
      "eval_MAE_DeltaG_ET_gas_molar_kcal_mol": 7.472472667694092,
      "eval_R2": 0.7124409969936558,
      "eval_R2_DeltaG_EP_gas_molar_kcal_mol": 0.6595474929558047,
      "eval_R2_DeltaG_ET_gas_molar_kcal_mol": 0.765334500392425,
      "eval_RMSE": 10.713323593139648,
      "eval_RMSE_DeltaG_EP_gas_molar_kcal_mol": 10.899946212768555,
      "eval_RMSE_DeltaG_ET_gas_molar_kcal_mol": 10.526701927185059,
      "eval_loss": 0.33118829131126404,
      "eval_runtime": 0.4266,
      "eval_samples_per_second": 1382.983,
      "eval_scaled_MAE": 0.38435792922973633,
      "eval_scaled_MSE_loss": 0.33118829131126404,
      "eval_scaled_R2": 0.7124409952363648,
      "eval_scaled_RMSE": 0.571760356426239,
      "eval_steps_per_second": 86.729,
      "step": 628
    },
    {
      "epoch": 2.0,
      "learning_rate": 9.99245585236519e-05,
      "loss": 0.2587,
      "step": 1256
    },
    {
      "epoch": 2.0,
      "eval_MAE": 5.434731960296631,
      "eval_MAE_DeltaG_EP_gas_molar_kcal_mol": 5.489872455596924,
      "eval_MAE_DeltaG_ET_gas_molar_kcal_mol": 5.379594802856445,
      "eval_R2": 0.8164088660025342,
      "eval_R2_DeltaG_EP_gas_molar_kcal_mol": 0.7773983450334724,
      "eval_R2_DeltaG_ET_gas_molar_kcal_mol": 0.8554193865778489,
      "eval_RMSE": 8.538228988647461,
      "eval_RMSE_DeltaG_EP_gas_molar_kcal_mol": 8.813740730285645,
      "eval_RMSE_DeltaG_ET_gas_molar_kcal_mol": 8.262714385986328,
      "eval_loss": 0.2117079198360443,
      "eval_runtime": 0.3829,
      "eval_samples_per_second": 1540.995,
      "eval_scaled_MAE": 0.28984206914901733,
      "eval_scaled_MSE_loss": 0.2117079198360443,
      "eval_scaled_R2": 0.8164088665344776,
      "eval_scaled_RMSE": 0.45633381605148315,
      "eval_steps_per_second": 96.639,
      "step": 1256
    },
    {
      "epoch": 3.0,
      "learning_rate": 9.931950895490353e-05,
      "loss": 0.1781,
      "step": 1884
    },
    {
      "epoch": 3.0,
      "eval_MAE": 4.886752605438232,
      "eval_MAE_DeltaG_EP_gas_molar_kcal_mol": 4.670953273773193,
      "eval_MAE_DeltaG_ET_gas_molar_kcal_mol": 5.102549076080322,
      "eval_R2": 0.8111977185973149,
      "eval_R2_DeltaG_EP_gas_molar_kcal_mol": 0.7746979942507607,
      "eval_R2_DeltaG_ET_gas_molar_kcal_mol": 0.8476974425290924,
      "eval_RMSE": 8.673768997192383,
      "eval_RMSE_DeltaG_EP_gas_molar_kcal_mol": 8.86703872680664,
      "eval_RMSE_DeltaG_ET_gas_molar_kcal_mol": 8.480498313903809,
      "eval_loss": 0.21753640472888947,
      "eval_runtime": 0.3797,
      "eval_samples_per_second": 1553.967,
      "eval_scaled_MAE": 0.259243369102478,
      "eval_scaled_MSE_loss": 0.21753640472888947,
      "eval_scaled_R2": 0.8111977175589635,
      "eval_scaled_RMSE": 0.46312958002090454,
      "eval_steps_per_second": 97.452,
      "step": 1884
    },
    {
      "epoch": 4.0,
      "learning_rate": 9.811578735742e-05,
      "loss": 0.145,
      "step": 2512
    },
    {
      "epoch": 4.0,
      "eval_MAE": 4.78266716003418,
      "eval_MAE_DeltaG_EP_gas_molar_kcal_mol": 4.669792652130127,
      "eval_MAE_DeltaG_ET_gas_molar_kcal_mol": 4.895543575286865,
      "eval_R2": 0.8291684016356087,
      "eval_R2_DeltaG_EP_gas_molar_kcal_mol": 0.7932212821331217,
      "eval_R2_DeltaG_ET_gas_molar_kcal_mol": 0.8651155207707549,
      "eval_RMSE": 8.237778663635254,
      "eval_RMSE_DeltaG_EP_gas_molar_kcal_mol": 8.494718551635742,
      "eval_RMSE_DeltaG_ET_gas_molar_kcal_mol": 7.980842113494873,
      "eval_loss": 0.1969766616821289,
      "eval_runtime": 0.371,
      "eval_samples_per_second": 1590.333,
      "eval_scaled_MAE": 0.254230797290802,
      "eval_scaled_MSE_loss": 0.1969766914844513,
      "eval_scaled_R2": 0.8291684028916882,
      "eval_scaled_RMSE": 0.440230131149292,
      "eval_steps_per_second": 99.733,
      "step": 2512
    },
    {
      "epoch": 5.0,
      "learning_rate": 9.632800528079024e-05,
      "loss": 0.1229,
      "step": 3140
    },
    {
      "epoch": 5.0,
      "eval_MAE": 4.355391979217529,
      "eval_MAE_DeltaG_EP_gas_molar_kcal_mol": 4.07849645614624,
      "eval_MAE_DeltaG_ET_gas_molar_kcal_mol": 4.632284641265869,
      "eval_R2": 0.8457474538719834,
      "eval_R2_DeltaG_EP_gas_molar_kcal_mol": 0.8118572563479762,
      "eval_R2_DeltaG_ET_gas_molar_kcal_mol": 0.8796376510681987,
      "eval_RMSE": 7.820937156677246,
      "eval_RMSE_DeltaG_EP_gas_molar_kcal_mol": 8.102888107299805,
      "eval_RMSE_DeltaG_ET_gas_molar_kcal_mol": 7.538987636566162,
      "eval_loss": 0.1779318004846573,
      "eval_runtime": 0.3847,
      "eval_samples_per_second": 1533.735,
      "eval_scaled_MAE": 0.2306167334318161,
      "eval_scaled_MSE_loss": 0.1779318004846573,
      "eval_scaled_R2": 0.8457474507644847,
      "eval_scaled_RMSE": 0.41815081238746643,
      "eval_steps_per_second": 96.183,
      "step": 3140
    },
    {
      "epoch": 6.0,
      "learning_rate": 9.397786397763077e-05,
      "loss": 0.1088,
      "step": 3768
    },
    {
      "epoch": 6.0,
      "eval_MAE": 4.094452381134033,
      "eval_MAE_DeltaG_EP_gas_molar_kcal_mol": 3.998660087585449,
      "eval_MAE_DeltaG_ET_gas_molar_kcal_mol": 4.190240383148193,
      "eval_R2": 0.8621220745138529,
      "eval_R2_DeltaG_EP_gas_molar_kcal_mol": 0.8350989220226833,
      "eval_R2_DeltaG_ET_gas_molar_kcal_mol": 0.8891452267031235,
      "eval_RMSE": 7.41050910949707,
      "eval_RMSE_DeltaG_EP_gas_molar_kcal_mol": 7.585912704467773,
      "eval_RMSE_DeltaG_ET_gas_molar_kcal_mol": 7.235106468200684,
      "eval_loss": 0.15888018906116486,
      "eval_runtime": 0.379,
      "eval_samples_per_second": 1556.916,
      "eval_scaled_MAE": 0.2176518738269806,
      "eval_scaled_MSE_loss": 0.15888018906116486,
      "eval_scaled_R2": 0.8621220714050318,
      "eval_scaled_RMSE": 0.39573192596435547,
      "eval_steps_per_second": 97.637,
      "step": 3768
    },
    {
      "epoch": 7.0,
      "learning_rate": 9.109389097977617e-05,
      "loss": 0.0967,
      "step": 4396
    },
    {
      "epoch": 7.0,
      "eval_MAE": 4.217255592346191,
      "eval_MAE_DeltaG_EP_gas_molar_kcal_mol": 3.9576663970947266,
      "eval_MAE_DeltaG_ET_gas_molar_kcal_mol": 4.47684383392334,
      "eval_R2": 0.854853911970673,
      "eval_R2_DeltaG_EP_gas_molar_kcal_mol": 0.8265140569940194,
      "eval_R2_DeltaG_ET_gas_molar_kcal_mol": 0.8831937666292196,
      "eval_RMSE": 7.603826522827148,
      "eval_RMSE_DeltaG_EP_gas_molar_kcal_mol": 7.780871391296387,
      "eval_RMSE_DeltaG_ET_gas_molar_kcal_mol": 7.426783084869385,
      "eval_loss": 0.16725008189678192,
      "eval_runtime": 0.3773,
      "eval_samples_per_second": 1563.698,
      "eval_scaled_MAE": 0.22334671020507812,
      "eval_scaled_MSE_loss": 0.16725009679794312,
      "eval_scaled_R2": 0.8548539102272583,
      "eval_scaled_RMSE": 0.4060403108596802,
      "eval_steps_per_second": 98.062,
      "step": 4396
    },
    {
      "epoch": 8.0,
      "learning_rate": 8.771685597465301e-05,
      "loss": 0.0872,
      "step": 5024
    },
    {
      "epoch": 8.0,
      "eval_MAE": 3.8409759998321533,
      "eval_MAE_DeltaG_EP_gas_molar_kcal_mol": 3.6512973308563232,
      "eval_MAE_DeltaG_ET_gas_molar_kcal_mol": 4.03065824508667,
      "eval_R2": 0.8601602137526128,
      "eval_R2_DeltaG_EP_gas_molar_kcal_mol": 0.8211850337649594,
      "eval_R2_DeltaG_ET_gas_molar_kcal_mol": 0.8991353934655743,
      "eval_RMSE": 7.4004340171813965,
      "eval_RMSE_DeltaG_EP_gas_molar_kcal_mol": 7.899471282958984,
      "eval_RMSE_DeltaG_ET_gas_molar_kcal_mol": 6.901398658752441,
      "eval_loss": 0.1617187261581421,
      "eval_runtime": 0.4036,
      "eval_samples_per_second": 1461.749,
      "eval_scaled_MAE": 0.20366105437278748,
      "eval_scaled_MSE_loss": 0.1617187261581421,
      "eval_scaled_R2": 0.8601602114464613,
      "eval_scaled_RMSE": 0.39687076210975647,
      "eval_steps_per_second": 91.669,
      "step": 5024
    },
    {
      "epoch": 9.0,
      "learning_rate": 8.387699047819074e-05,
      "loss": 0.0781,
      "step": 5652
    },
    {
      "epoch": 9.0,
      "eval_MAE": 4.279893398284912,
      "eval_MAE_DeltaG_EP_gas_molar_kcal_mol": 4.2729387283325195,
      "eval_MAE_DeltaG_ET_gas_molar_kcal_mol": 4.286849498748779,
      "eval_R2": 0.846329591494432,
      "eval_R2_DeltaG_EP_gas_molar_kcal_mol": 0.8124312221017037,
      "eval_R2_DeltaG_ET_gas_molar_kcal_mol": 0.8802279605609764,
      "eval_RMSE": 7.805498123168945,
      "eval_RMSE_DeltaG_EP_gas_molar_kcal_mol": 8.090518951416016,
      "eval_RMSE_DeltaG_ET_gas_molar_kcal_mol": 7.520477771759033,
      "eval_loss": 0.17726708948612213,
      "eval_runtime": 0.3863,
      "eval_samples_per_second": 1527.119,
      "eval_scaled_MAE": 0.22799207270145416,
      "eval_scaled_MSE_loss": 0.17726707458496094,
      "eval_scaled_R2": 0.8463295923542246,
      "eval_scaled_RMSE": 0.4173440933227539,
      "eval_steps_per_second": 95.768,
      "step": 5652
    },
    {
      "epoch": 10.0,
      "learning_rate": 7.962590420831068e-05,
      "loss": 0.074,
      "step": 6280
    },
    {
      "epoch": 10.0,
      "eval_MAE": 4.024442195892334,
      "eval_MAE_DeltaG_EP_gas_molar_kcal_mol": 3.9778518676757812,
      "eval_MAE_DeltaG_ET_gas_molar_kcal_mol": 4.0710368156433105,
      "eval_R2": 0.8427408649717151,
      "eval_R2_DeltaG_EP_gas_molar_kcal_mol": 0.8058218390400149,
      "eval_R2_DeltaG_ET_gas_molar_kcal_mol": 0.8796598905756842,
      "eval_RMSE": 7.885058879852295,
      "eval_RMSE_DeltaG_EP_gas_molar_kcal_mol": 8.231827735900879,
      "eval_RMSE_DeltaG_ET_gas_molar_kcal_mol": 7.5382914543151855,
      "eval_loss": 0.18151821196079254,
      "eval_runtime": 0.3634,
      "eval_samples_per_second": 1623.652,
      "eval_scaled_MAE": 0.21417677402496338,
      "eval_scaled_MSE_loss": 0.18151821196079254,
      "eval_scaled_R2": 0.842740859635223,
      "eval_scaled_RMSE": 0.4219026565551758,
      "eval_steps_per_second": 101.822,
      "step": 6280
    },
    {
      "epoch": 11.0,
      "learning_rate": 7.50151995936551e-05,
      "loss": 0.0655,
      "step": 6908
    },
    {
      "epoch": 11.0,
      "eval_MAE": 3.5963802337646484,
      "eval_MAE_DeltaG_EP_gas_molar_kcal_mol": 3.5688021183013916,
      "eval_MAE_DeltaG_ET_gas_molar_kcal_mol": 3.62395977973938,
      "eval_R2": 0.8458734738132138,
      "eval_R2_DeltaG_EP_gas_molar_kcal_mol": 0.797844722241976,
      "eval_R2_DeltaG_ET_gas_molar_kcal_mol": 0.8939022250955077,
      "eval_RMSE": 7.738691329956055,
      "eval_RMSE_DeltaG_EP_gas_molar_kcal_mol": 8.399213790893555,
      "eval_RMSE_DeltaG_ET_gas_molar_kcal_mol": 7.078167915344238,
      "eval_loss": 0.17849408090114594,
      "eval_runtime": 0.3738,
      "eval_samples_per_second": 1578.376,
      "eval_scaled_MAE": 0.1914685070514679,
      "eval_scaled_MSE_loss": 0.17849406599998474,
      "eval_scaled_R2": 0.8458734716417248,
      "eval_scaled_RMSE": 0.4157286286354065,
      "eval_steps_per_second": 98.983,
      "step": 6908
    },
    {
      "epoch": 12.0,
      "learning_rate": 7.010084434241995e-05,
      "loss": 0.0599,
      "step": 7536
    },
    {
      "epoch": 12.0,
      "eval_MAE": 3.5452768802642822,
      "eval_MAE_DeltaG_EP_gas_molar_kcal_mol": 3.5049352645874023,
      "eval_MAE_DeltaG_ET_gas_molar_kcal_mol": 3.5856235027313232,
      "eval_R2": 0.8418140549569254,
      "eval_R2_DeltaG_EP_gas_molar_kcal_mol": 0.7868722244771101,
      "eval_R2_DeltaG_ET_gas_molar_kcal_mol": 0.8967558851555684,
      "eval_RMSE": 7.803235054016113,
      "eval_RMSE_DeltaG_EP_gas_molar_kcal_mol": 8.624146461486816,
      "eval_RMSE_DeltaG_ET_gas_molar_kcal_mol": 6.982330322265625,
      "eval_loss": 0.18347741663455963,
      "eval_runtime": 0.3766,
      "eval_samples_per_second": 1566.812,
      "eval_scaled_MAE": 0.18867972493171692,
      "eval_scaled_MSE_loss": 0.18347740173339844,
      "eval_scaled_R2": 0.8418140534359124,
      "eval_scaled_RMSE": 0.41999804973602295,
      "eval_steps_per_second": 98.258,
      "step": 7536
    },
    {
      "epoch": 13.0,
      "learning_rate": 6.494249207019317e-05,
      "loss": 0.0519,
      "step": 8164
    },
    {
      "epoch": 13.0,
      "eval_MAE": 3.5110578536987305,
      "eval_MAE_DeltaG_EP_gas_molar_kcal_mol": 3.522460460662842,
      "eval_MAE_DeltaG_ET_gas_molar_kcal_mol": 3.499654531478882,
      "eval_R2": 0.857350755730536,
      "eval_R2_DeltaG_EP_gas_molar_kcal_mol": 0.8204181579353768,
      "eval_R2_DeltaG_ET_gas_molar_kcal_mol": 0.8942833532377894,
      "eval_RMSE": 7.490917682647705,
      "eval_RMSE_DeltaG_EP_gas_molar_kcal_mol": 7.9163923263549805,
      "eval_RMSE_DeltaG_ET_gas_molar_kcal_mol": 7.06544303894043,
      "eval_loss": 0.16482658684253693,
      "eval_runtime": 0.3765,
      "eval_samples_per_second": 1567.119,
      "eval_scaled_MAE": 0.18712440133094788,
      "eval_scaled_MSE_loss": 0.16482658684253693,
      "eval_scaled_R2": 0.8573507536140814,
      "eval_scaled_RMSE": 0.40131068229675293,
      "eval_steps_per_second": 98.277,
      "step": 8164
    },
    {
      "epoch": 14.0,
      "learning_rate": 5.961137103705436e-05,
      "loss": 0.0459,
      "step": 8792
    },
    {
      "epoch": 14.0,
      "eval_MAE": 3.4585161209106445,
      "eval_MAE_DeltaG_EP_gas_molar_kcal_mol": 3.2527501583099365,
      "eval_MAE_DeltaG_ET_gas_molar_kcal_mol": 3.6642813682556152,
      "eval_R2": 0.8575188165964855,
      "eval_R2_DeltaG_EP_gas_molar_kcal_mol": 0.8262809800439556,
      "eval_R2_DeltaG_ET_gas_molar_kcal_mol": 0.8887566528460585,
      "eval_RMSE": 7.5169358253479,
      "eval_RMSE_DeltaG_EP_gas_molar_kcal_mol": 7.786096572875977,
      "eval_RMSE_DeltaG_ET_gas_molar_kcal_mol": 7.247775554656982,
      "eval_loss": 0.16435012221336365,
      "eval_runtime": 0.3671,
      "eval_samples_per_second": 1607.081,
      "eval_scaled_MAE": 0.18320059776306152,
      "eval_scaled_MSE_loss": 0.16435009241104126,
      "eval_scaled_R2": 0.857518810411685,
      "eval_scaled_RMSE": 0.40188759565353394,
      "eval_steps_per_second": 100.783,
      "step": 8792
    },
    {
      "epoch": 15.0,
      "learning_rate": 5.415520590981645e-05,
      "loss": 0.044,
      "step": 9420
    },
    {
      "epoch": 15.0,
      "eval_MAE": 3.481797218322754,
      "eval_MAE_DeltaG_EP_gas_molar_kcal_mol": 3.44122576713562,
      "eval_MAE_DeltaG_ET_gas_molar_kcal_mol": 3.522367477416992,
      "eval_R2": 0.8450792921104284,
      "eval_R2_DeltaG_EP_gas_molar_kcal_mol": 0.8041859568407993,
      "eval_R2_DeltaG_ET_gas_molar_kcal_mol": 0.8859726270695183,
      "eval_RMSE": 7.802169322967529,
      "eval_RMSE_DeltaG_EP_gas_molar_kcal_mol": 8.266429901123047,
      "eval_RMSE_DeltaG_ET_gas_molar_kcal_mol": 7.3379082679748535,
      "eval_loss": 0.17904500663280487,
      "eval_runtime": 0.3674,
      "eval_samples_per_second": 1605.671,
      "eval_scaled_MAE": 0.18529629707336426,
      "eval_scaled_MSE_loss": 0.17904502153396606,
      "eval_scaled_R2": 0.8450792928794612,
      "eval_scaled_RMSE": 0.41809460520744324,
      "eval_steps_per_second": 100.695,
      "step": 9420
    },
    {
      "epoch": 16.0,
      "learning_rate": 4.865737540526868e-05,
      "loss": 0.0396,
      "step": 10048
    },
    {
      "epoch": 16.0,
      "eval_MAE": 3.172604560852051,
      "eval_MAE_DeltaG_EP_gas_molar_kcal_mol": 3.1491503715515137,
      "eval_MAE_DeltaG_ET_gas_molar_kcal_mol": 3.1960599422454834,
      "eval_R2": 0.8744174051399832,
      "eval_R2_DeltaG_EP_gas_molar_kcal_mol": 0.8411952386786367,
      "eval_R2_DeltaG_ET_gas_molar_kcal_mol": 0.9076395713497979,
      "eval_RMSE": 7.024211406707764,
      "eval_RMSE_DeltaG_EP_gas_molar_kcal_mol": 7.444368362426758,
      "eval_RMSE_DeltaG_ET_gas_molar_kcal_mol": 6.604054927825928,
      "eval_loss": 0.14514201879501343,
      "eval_runtime": 0.3621,
      "eval_samples_per_second": 1629.502,
      "eval_scaled_MAE": 0.16891148686408997,
      "eval_scaled_MSE_loss": 0.14514198899269104,
      "eval_scaled_R2": 0.8744174035410873,
      "eval_scaled_RMSE": 0.3764175772666931,
      "eval_steps_per_second": 102.189,
      "step": 10048
    }
  ],
  "max_steps": 18840,
  "num_train_epochs": 30,
  "total_flos": 235576720097280.0,
  "trial_name": null,
  "trial_params": null
}
