{
  "best_metric": 0.3789905607700348,
  "best_model_checkpoint": "fine_tune/checkpoint-2806",
  "epoch": 23.0,
  "global_step": 2806,
  "is_hyper_param_search": false,
  "is_local_process_zero": true,
  "is_world_process_zero": true,
  "log_history": [
    {
      "epoch": 1.0,
      "learning_rate": 6.666666666666667e-05,
      "loss": 0.9057,
      "step": 122
    },
    {
      "epoch": 1.0,
      "eval_MAE": 18.702281951904297,
      "eval_MAE_dE0": 20.170377731323242,
      "eval_MAE_dH0": 17.234193801879883,
      "eval_R2": 0.33184992837780686,
      "eval_R2_dE0": 0.15544975239460757,
      "eval_R2_dH0": 0.5082500904408007,
      "eval_RMSE": 24.24456214904785,
      "eval_RMSE_dE0": 24.478343963623047,
      "eval_RMSE_dH0": 24.010786056518555,
      "eval_loss": 0.6418976783752441,
      "eval_runtime": 0.3092,
      "eval_samples_per_second": 368.641,
      "eval_scaled_MAE": 0.616927444934845,
      "eval_scaled_MSE_loss": 0.6418976187705994,
      "eval_scaled_R2": 0.33184993115888994,
      "eval_scaled_RMSE": 0.7918994426727295,
      "eval_steps_per_second": 25.87,
      "step": 122
    },
    {
      "epoch": 2.0,
      "learning_rate": 9.992407582166581e-05,
      "loss": 0.5143,
      "step": 244
    },
    {
      "epoch": 2.0,
      "eval_MAE": 16.10666275024414,
      "eval_MAE_dE0": 19.365442276000977,
      "eval_MAE_dH0": 12.847885131835938,
      "eval_R2": 0.4749102772665572,
      "eval_R2_dE0": 0.248506241671004,
      "eval_R2_dH0": 0.7013143004756983,
      "eval_RMSE": 20.90167236328125,
      "eval_RMSE_dE0": 23.090425491333008,
      "eval_RMSE_dH0": 18.712913513183594,
      "eval_loss": 0.5077290534973145,
      "eval_runtime": 0.1731,
      "eval_samples_per_second": 658.599,
      "eval_scaled_MAE": 0.5406843423843384,
      "eval_scaled_MSE_loss": 0.5077291131019592,
      "eval_scaled_R2": 0.4749102700069531,
      "eval_scaled_RMSE": 0.6920546293258667,
      "eval_steps_per_second": 46.217,
      "step": 244
    },
    {
      "epoch": 3.0,
      "learning_rate": 9.931806517013612e-05,
      "loss": 0.3741,
      "step": 366
    },
    {
      "epoch": 3.0,
      "eval_MAE": 14.699385643005371,
      "eval_MAE_dE0": 16.889034271240234,
      "eval_MAE_dH0": 12.509737968444824,
      "eval_R2": 0.5456580590005163,
      "eval_R2_dE0": 0.38073547839268196,
      "eval_R2_dH0": 0.7105806294013921,
      "eval_RMSE": 19.690567016601562,
      "eval_RMSE_dE0": 20.960777282714844,
      "eval_RMSE_dH0": 18.42035484313965,
      "eval_loss": 0.4381660223007202,
      "eval_runtime": 0.1707,
      "eval_samples_per_second": 667.831,
      "eval_scaled_MAE": 0.4897550940513611,
      "eval_scaled_MSE_loss": 0.4381661117076874,
      "eval_scaled_R2": 0.5456580493909065,
      "eval_scaled_RMSE": 0.6482323408126831,
      "eval_steps_per_second": 46.865,
      "step": 366
    },
    {
      "epoch": 4.0,
      "learning_rate": 9.811340001546251e-05,
      "loss": 0.2816,
      "step": 488
    },
    {
      "epoch": 4.0,
      "eval_MAE": 13.631423950195312,
      "eval_MAE_dE0": 16.496883392333984,
      "eval_MAE_dH0": 10.765963554382324,
      "eval_R2": 0.5982734025238622,
      "eval_R2_dE0": 0.4280560737769671,
      "eval_R2_dH0": 0.7684907218437551,
      "eval_RMSE": 18.309371948242188,
      "eval_RMSE_dE0": 20.144012451171875,
      "eval_RMSE_dH0": 16.474733352661133,
      "eval_loss": 0.38833296298980713,
      "eval_runtime": 0.1727,
      "eval_samples_per_second": 660.043,
      "eval_scaled_MAE": 0.45809850096702576,
      "eval_scaled_MSE_loss": 0.38833296298980713,
      "eval_scaled_R2": 0.5982733964806478,
      "eval_scaled_RMSE": 0.6058350801467896,
      "eval_steps_per_second": 46.319,
      "step": 488
    },
    {
      "epoch": 5.0,
      "learning_rate": 9.632470336074009e-05,
      "loss": 0.2191,
      "step": 610
    },
    {
      "epoch": 5.0,
      "eval_MAE": 15.046765327453613,
      "eval_MAE_dE0": 17.576330184936523,
      "eval_MAE_dH0": 12.51720142364502,
      "eval_R2": 0.5264402452849769,
      "eval_R2_dE0": 0.29725933327889187,
      "eval_R2_dH0": 0.7556211457082171,
      "eval_RMSE": 19.627666473388672,
      "eval_RMSE_dE0": 22.328872680664062,
      "eval_RMSE_dH0": 16.926454544067383,
      "eval_loss": 0.4588342010974884,
      "eval_runtime": 0.1841,
      "eval_samples_per_second": 619.205,
      "eval_scaled_MAE": 0.5026841163635254,
      "eval_scaled_MSE_loss": 0.4588342308998108,
      "eval_scaled_R2": 0.5264402382286053,
      "eval_scaled_RMSE": 0.6529092788696289,
      "eval_steps_per_second": 43.453,
      "step": 610
    },
    {
      "epoch": 6.0,
      "learning_rate": 9.397368756032445e-05,
      "loss": 0.1737,
      "step": 732
    },
    {
      "epoch": 6.0,
      "eval_MAE": 13.922005653381348,
      "eval_MAE_dE0": 17.06679344177246,
      "eval_MAE_dH0": 10.777225494384766,
      "eval_R2": 0.5955631905936385,
      "eval_R2_dE0": 0.40135167092518376,
      "eval_R2_dH0": 0.7897747003949388,
      "eval_RMSE": 18.154041290283203,
      "eval_RMSE_dE0": 20.608917236328125,
      "eval_RMSE_dH0": 15.699170112609863,
      "eval_loss": 0.3918040990829468,
      "eval_runtime": 0.1943,
      "eval_samples_per_second": 586.733,
      "eval_scaled_MAE": 0.46889010071754456,
      "eval_scaled_MSE_loss": 0.39180412888526917,
      "eval_scaled_R2": 0.5955631852744458,
      "eval_scaled_RMSE": 0.6036849617958069,
      "eval_steps_per_second": 41.174,
      "step": 732
    },
    {
      "epoch": 7.0,
      "learning_rate": 9.108889076126226e-05,
      "loss": 0.1446,
      "step": 854
    },
    {
      "epoch": 7.0,
      "eval_MAE": 13.79315185546875,
      "eval_MAE_dE0": 16.314952850341797,
      "eval_MAE_dH0": 11.271352767944336,
      "eval_R2": 0.5977282404522415,
      "eval_R2_dE0": 0.4251002829174042,
      "eval_R2_dH0": 0.770356188511358,
      "eval_RMSE": 18.302108764648438,
      "eval_RMSE_dE0": 20.19599723815918,
      "eval_RMSE_dH0": 16.40822410583496,
      "eval_loss": 0.3889411389827728,
      "eval_runtime": 0.1716,
      "eval_samples_per_second": 664.337,
      "eval_scaled_MAE": 0.4617577791213989,
      "eval_scaled_MSE_loss": 0.3889411389827728,
      "eval_scaled_R2": 0.5977282390466687,
      "eval_scaled_RMSE": 0.6058767437934875,
      "eval_steps_per_second": 46.62,
      "step": 854
    },
    {
      "epoch": 8.0,
      "learning_rate": 8.770533048884482e-05,
      "loss": 0.1225,
      "step": 976
    },
    {
      "epoch": 8.0,
      "eval_MAE": 14.59109878540039,
      "eval_MAE_dE0": 18.21162223815918,
      "eval_MAE_dH0": 10.970574378967285,
      "eval_R2": 0.5216532227809347,
      "eval_R2_dE0": 0.25834023760798,
      "eval_R2_dH0": 0.784966195729565,
      "eval_RMSE": 19.408273696899414,
      "eval_RMSE_dE0": 22.9388484954834,
      "eval_RMSE_dH0": 15.87769889831543,
      "eval_loss": 0.46465790271759033,
      "eval_runtime": 0.1492,
      "eval_samples_per_second": 763.965,
      "eval_scaled_MAE": 0.49295124411582947,
      "eval_scaled_MSE_loss": 0.46465790271759033,
      "eval_scaled_R2": 0.5216532207044573,
      "eval_scaled_RMSE": 0.6496531367301941,
      "eval_steps_per_second": 53.612,
      "step": 976
    },
    {
      "epoch": 9.0,
      "learning_rate": 8.386407858128706e-05,
      "loss": 0.1012,
      "step": 1098
    },
    {
      "epoch": 9.0,
      "eval_MAE": 14.17689323425293,
      "eval_MAE_dE0": 17.443147659301758,
      "eval_MAE_dH0": 10.910636901855469,
      "eval_R2": 0.5762954950649878,
      "eval_R2_dE0": 0.3702424844512814,
      "eval_R2_dH0": 0.782348495298786,
      "eval_RMSE": 18.555831909179688,
      "eval_RMSE_dE0": 21.137615203857422,
      "eval_RMSE_dH0": 15.974050521850586,
      "eval_loss": 0.41056644916534424,
      "eval_runtime": 0.1518,
      "eval_samples_per_second": 750.835,
      "eval_scaled_MAE": 0.477774977684021,
      "eval_scaled_MSE_loss": 0.410566508769989,
      "eval_scaled_R2": 0.5762954902059825,
      "eval_scaled_RMSE": 0.617387056350708,
      "eval_steps_per_second": 52.69,
      "step": 1098
    },
    {
      "epoch": 10.0,
      "learning_rate": 7.961176263324901e-05,
      "loss": 0.0871,
      "step": 1220
    },
    {
      "epoch": 10.0,
      "eval_MAE": 13.874454498291016,
      "eval_MAE_dE0": 17.387290954589844,
      "eval_MAE_dH0": 10.361617088317871,
      "eval_R2": 0.5743590933402057,
      "eval_R2_dE0": 0.3492971933910811,
      "eval_R2_dH0": 0.7994209825641938,
      "eval_RMSE": 18.410505294799805,
      "eval_RMSE_dE0": 21.486249923706055,
      "eval_RMSE_dH0": 15.334759712219238,
      "eval_loss": 0.41311612725257874,
      "eval_runtime": 0.1673,
      "eval_samples_per_second": 681.234,
      "eval_scaled_MAE": 0.46906957030296326,
      "eval_scaled_MSE_loss": 0.41311609745025635,
      "eval_scaled_R2": 0.5743590956734186,
      "eval_scaled_RMSE": 0.6149694919586182,
      "eval_steps_per_second": 47.806,
      "step": 1220
    },
    {
      "epoch": 11.0,
      "learning_rate": 7.500000000000001e-05,
      "loss": 0.0789,
      "step": 1342
    },
    {
      "epoch": 11.0,
      "eval_MAE": 13.551312446594238,
      "eval_MAE_dE0": 16.837615966796875,
      "eval_MAE_dH0": 10.265007972717285,
      "eval_R2": 0.5971491658640337,
      "eval_R2_dE0": 0.3812786302788712,
      "eval_R2_dH0": 0.81301969125119,
      "eval_RMSE": 17.87869644165039,
      "eval_RMSE_dE0": 20.951581954956055,
      "eval_RMSE_dH0": 14.805809020996094,
      "eval_loss": 0.39110317826271057,
      "eval_runtime": 0.1553,
      "eval_samples_per_second": 734.115,
      "eval_scaled_MAE": 0.4574642777442932,
      "eval_scaled_MSE_loss": 0.39110320806503296,
      "eval_scaled_R2": 0.5971491599332666,
      "eval_scaled_RMSE": 0.5976096391677856,
      "eval_steps_per_second": 51.517,
      "step": 1342
    },
    {
      "epoch": 12.0,
      "learning_rate": 7.008477123264848e-05,
      "loss": 0.0688,
      "step": 1464
    },
    {
      "epoch": 12.0,
      "eval_MAE": 13.714545249938965,
      "eval_MAE_dE0": 16.210491180419922,
      "eval_MAE_dH0": 11.218598365783691,
      "eval_R2": 0.6041501311322359,
      "eval_R2_dE0": 0.428084614203987,
      "eval_R2_dH0": 0.7802156386339532,
      "eval_RMSE": 18.097820281982422,
      "eval_RMSE_dE0": 20.143510818481445,
      "eval_RMSE_dH0": 16.052127838134766,
      "eval_loss": 0.3829628825187683,
      "eval_runtime": 0.1616,
      "eval_samples_per_second": 705.291,
      "eval_scaled_MAE": 0.4590722322463989,
      "eval_scaled_MSE_loss": 0.3829628825187683,
      "eval_scaled_R2": 0.6041501296443945,
      "eval_scaled_RMSE": 0.5999270081520081,
      "eval_steps_per_second": 49.494,
      "step": 1464
    },
    {
      "epoch": 13.0,
      "learning_rate": 6.492574055008473e-05,
      "loss": 0.0594,
      "step": 1586
    },
    {
      "epoch": 13.0,
      "eval_MAE": 13.898249626159668,
      "eval_MAE_dE0": 17.468643188476562,
      "eval_MAE_dH0": 10.327855110168457,
      "eval_R2": 0.5699652008761009,
      "eval_R2_dE0": 0.342031632804747,
      "eval_R2_dH0": 0.7978987581025645,
      "eval_RMSE": 18.499357223510742,
      "eval_RMSE_dE0": 21.605871200561523,
      "eval_RMSE_dH0": 15.392838478088379,
      "eval_loss": 0.41740113496780396,
      "eval_runtime": 0.1637,
      "eval_samples_per_second": 696.31,
      "eval_scaled_MAE": 0.47011634707450867,
      "eval_scaled_MSE_loss": 0.41740116477012634,
      "eval_scaled_R2": 0.5699651955138084,
      "eval_scaled_RMSE": 0.6180123090744019,
      "eval_steps_per_second": 48.864,
      "step": 1586
    },
    {
      "epoch": 14.0,
      "learning_rate": 5.958553159618693e-05,
      "loss": 0.0582,
      "step": 1708
    },
    {
      "epoch": 14.0,
      "eval_MAE": 13.715322494506836,
      "eval_MAE_dE0": 16.95417594909668,
      "eval_MAE_dH0": 10.47646427154541,
      "eval_R2": 0.5923550178469812,
      "eval_R2_dE0": 0.39322009114368695,
      "eval_R2_dH0": 0.7914899345490931,
      "eval_RMSE": 18.19170379638672,
      "eval_RMSE_dE0": 20.7484130859375,
      "eval_RMSE_dH0": 15.634993553161621,
      "eval_loss": 0.39503809809684753,
      "eval_runtime": 0.1826,
      "eval_samples_per_second": 624.293,
      "eval_scaled_MAE": 0.462590754032135,
      "eval_scaled_MSE_loss": 0.3950381577014923,
      "eval_scaled_R2": 0.5923550119265257,
      "eval_scaled_RMSE": 0.6053921580314636,
      "eval_steps_per_second": 43.81,
      "step": 1708
    },
    {
      "epoch": 15.0,
      "learning_rate": 5.4128967273616625e-05,
      "loss": 0.0539,
      "step": 1830
    },
    {
      "epoch": 15.0,
      "eval_MAE": 13.747209548950195,
      "eval_MAE_dE0": 16.873411178588867,
      "eval_MAE_dH0": 10.621006965637207,
      "eval_R2": 0.6073365033471831,
      "eval_R2_dE0": 0.41798497026086057,
      "eval_R2_dH0": 0.7966880268405079,
      "eval_RMSE": 17.879735946655273,
      "eval_RMSE_dE0": 20.320592880249023,
      "eval_RMSE_dH0": 15.438876152038574,
      "eval_loss": 0.38042810559272766,
      "eval_runtime": 0.165,
      "eval_samples_per_second": 690.703,
      "eval_scaled_MAE": 0.4631011486053467,
      "eval_scaled_MSE_loss": 0.38042813539505005,
      "eval_scaled_R2": 0.6073365070023349,
      "eval_scaled_RMSE": 0.5946717858314514,
      "eval_steps_per_second": 48.47,
      "step": 1830
    },
    {
      "epoch": 16.0,
      "learning_rate": 4.8622282881591906e-05,
      "loss": 0.0465,
      "step": 1952
    },
    {
      "epoch": 16.0,
      "eval_MAE": 13.54783821105957,
      "eval_MAE_dE0": 17.046432495117188,
      "eval_MAE_dH0": 10.04924488067627,
      "eval_R2": 0.5949098358034675,
      "eval_R2_dE0": 0.39142843864781607,
      "eval_R2_dH0": 0.7983912229284059,
      "eval_RMSE": 18.07654571533203,
      "eval_RMSE_dE0": 20.779022216796875,
      "eval_RMSE_dH0": 15.374072074890137,
      "eval_loss": 0.3927708566188812,
      "eval_runtime": 0.17,
      "eval_samples_per_second": 670.648,
      "eval_scaled_MAE": 0.4583491086959839,
      "eval_scaled_MSE_loss": 0.39277082681655884,
      "eval_scaled_R2": 0.5949098400843189,
      "eval_scaled_RMSE": 0.602321445941925,
      "eval_steps_per_second": 47.063,
      "step": 1952
    },
    {
      "epoch": 17.0,
      "learning_rate": 4.3132322109079596e-05,
      "loss": 0.0419,
      "step": 2074
    },
    {
      "epoch": 17.0,
      "eval_MAE": 13.406251907348633,
      "eval_MAE_dE0": 16.701623916625977,
      "eval_MAE_dH0": 10.110877990722656,
      "eval_R2": 0.6086179356184288,
      "eval_R2_dE0": 0.4179919134061292,
      "eval_R2_dH0": 0.799243948237845,
      "eval_RMSE": 17.830995559692383,
      "eval_RMSE_dE0": 20.320472717285156,
      "eval_RMSE_dH0": 15.341525077819824,
      "eval_loss": 0.37925711274147034,
      "eval_runtime": 0.1631,
      "eval_samples_per_second": 698.777,
      "eval_scaled_MAE": 0.4527752995491028,
      "eval_scaled_MSE_loss": 0.37925708293914795,
      "eval_scaled_R2": 0.6086179396875477,
      "eval_scaled_RMSE": 0.5933106541633606,
      "eval_steps_per_second": 49.037,
      "step": 2074
    },
    {
      "epoch": 18.0,
      "learning_rate": 3.772572564296005e-05,
      "loss": 0.0386,
      "step": 2196
    },
    {
      "epoch": 18.0,
      "eval_MAE": 13.602954864501953,
      "eval_MAE_dE0": 16.772010803222656,
      "eval_MAE_dH0": 10.433904647827148,
      "eval_R2": 0.6055386367464192,
      "eval_R2_dE0": 0.4109480287864994,
      "eval_R2_dH0": 0.8001292349973554,
      "eval_RMSE": 17.875362396240234,
      "eval_RMSE_dE0": 20.44306755065918,
      "eval_RMSE_dH0": 15.307661056518555,
      "eval_loss": 0.3823329210281372,
      "eval_runtime": 0.1632,
      "eval_samples_per_second": 698.489,
      "eval_scaled_MAE": 0.45859745144844055,
      "eval_scaled_MSE_loss": 0.3823328912258148,
      "eval_scaled_R2": 0.6055386398577712,
      "eval_scaled_RMSE": 0.5951255559921265,
      "eval_steps_per_second": 49.017,
      "step": 2196
    },
    {
      "epoch": 19.0,
      "learning_rate": 3.2468122240362284e-05,
      "loss": 0.0383,
      "step": 2318
    },
    {
      "epoch": 19.0,
      "eval_MAE": 13.699668884277344,
      "eval_MAE_dE0": 17.051000595092773,
      "eval_MAE_dH0": 10.348339080810547,
      "eval_R2": 0.5887327050031792,
      "eval_R2_dE0": 0.3835588416092178,
      "eval_R2_dH0": 0.7939065582367176,
      "eval_RMSE": 18.228532791137695,
      "eval_RMSE_dE0": 20.912939071655273,
      "eval_RMSE_dH0": 15.5441255569458,
      "eval_loss": 0.3987075388431549,
      "eval_runtime": 0.1585,
      "eval_samples_per_second": 719.068,
      "eval_scaled_MAE": 0.46260905265808105,
      "eval_scaled_MSE_loss": 0.3987075090408325,
      "eval_scaled_R2": 0.5887327123813736,
      "eval_scaled_RMSE": 0.6071938872337341,
      "eval_steps_per_second": 50.461,
      "step": 2318
    },
    {
      "epoch": 20.0,
      "learning_rate": 2.7423332084455544e-05,
      "loss": 0.0358,
      "step": 2440
    },
    {
      "epoch": 20.0,
      "eval_MAE": 13.510473251342773,
      "eval_MAE_dE0": 16.891695022583008,
      "eval_MAE_dH0": 10.129255294799805,
      "eval_R2": 0.6008442336984798,
      "eval_R2_dE0": 0.402493421787417,
      "eval_R2_dH0": 0.799195035761207,
      "eval_RMSE": 17.966323852539062,
      "eval_RMSE_dE0": 20.58925437927246,
      "eval_RMSE_dH0": 15.34339427947998,
      "eval_loss": 0.3869367837905884,
      "eval_runtime": 0.1744,
      "eval_samples_per_second": 653.732,
      "eval_scaled_MAE": 0.4565785527229309,
      "eval_scaled_MSE_loss": 0.3869367837905884,
      "eval_scaled_R2": 0.6008442298999079,
      "eval_scaled_RMSE": 0.5983522534370422,
      "eval_steps_per_second": 45.876,
      "step": 2440
    },
    {
      "epoch": 21.0,
      "learning_rate": 2.2652592093878666e-05,
      "loss": 0.0331,
      "step": 2562
    },
    {
      "epoch": 21.0,
      "eval_MAE": 13.417905807495117,
      "eval_MAE_dE0": 16.904800415039062,
      "eval_MAE_dH0": 9.931011199951172,
      "eval_R2": 0.5980454518486785,
      "eval_R2_dE0": 0.39499191718505977,
      "eval_R2_dH0": 0.8010989765403189,
      "eval_RMSE": 17.994285583496094,
      "eval_RMSE_dE0": 20.718097686767578,
      "eval_RMSE_dH0": 15.270480155944824,
      "eval_loss": 0.38977333903312683,
      "eval_runtime": 0.1641,
      "eval_samples_per_second": 694.726,
      "eval_scaled_MAE": 0.454056054353714,
      "eval_scaled_MSE_loss": 0.38977333903312683,
      "eval_scaled_R2": 0.598045442885319,
      "eval_scaled_RMSE": 0.5997387766838074,
      "eval_steps_per_second": 48.753,
      "step": 2562
    },
    {
      "epoch": 22.0,
      "learning_rate": 1.821381258950161e-05,
      "loss": 0.0331,
      "step": 2684
    },
    {
      "epoch": 22.0,
      "eval_MAE": 13.364564895629883,
      "eval_MAE_dE0": 16.861557006835938,
      "eval_MAE_dH0": 9.867569923400879,
      "eval_R2": 0.6051237964277358,
      "eval_R2_dE0": 0.4056874819315165,
      "eval_R2_dH0": 0.8045601011282651,
      "eval_RMSE": 17.83559226989746,
      "eval_RMSE_dE0": 20.534149169921875,
      "eval_RMSE_dH0": 15.137035369873047,
      "eval_loss": 0.3829079270362854,
      "eval_runtime": 0.1685,
      "eval_samples_per_second": 676.646,
      "eval_scaled_MAE": 0.4523635804653168,
      "eval_scaled_MSE_loss": 0.3829079270362854,
      "eval_scaled_R2": 0.6051237937354499,
      "eval_scaled_RMSE": 0.594443678855896,
      "eval_steps_per_second": 47.484,
      "step": 2684
    },
    {
      "epoch": 23.0,
      "learning_rate": 1.4160874341577446e-05,
      "loss": 0.0288,
      "step": 2806
    },
    {
      "epoch": 23.0,
      "eval_MAE": 13.2821044921875,
      "eval_MAE_dE0": 16.863862991333008,
      "eval_MAE_dH0": 9.70034408569336,
      "eval_R2": 0.6092420252402954,
      "eval_R2_dE0": 0.40984585098540627,
      "eval_R2_dH0": 0.8086381897680344,
      "eval_RMSE": 17.720232009887695,
      "eval_RMSE_dE0": 20.46218490600586,
      "eval_RMSE_dH0": 14.978276252746582,
      "eval_loss": 0.3789905607700348,
      "eval_runtime": 0.1735,
      "eval_samples_per_second": 657.11,
      "eval_scaled_MAE": 0.4500725269317627,
      "eval_scaled_MSE_loss": 0.3789905309677124,
      "eval_scaled_R2": 0.6092420269489848,
      "eval_scaled_RMSE": 0.5908849239349365,
      "eval_steps_per_second": 46.113,
      "step": 2806
    }
  ],
  "max_steps": 3660,
  "num_train_epochs": 30,
  "total_flos": 65450025999360.0,
  "trial_name": null,
  "trial_params": null
}
