{
  "best_metric": 0.43686383962631226,
  "best_model_checkpoint": "fine_tune/checkpoint-5950",
  "epoch": 10.0,
  "global_step": 5950,
  "is_hyper_param_search": false,
  "is_local_process_zero": true,
  "is_world_process_zero": true,
  "log_history": [
    {
      "epoch": 1.0,
      "learning_rate": 6.66293393057111e-05,
      "loss": 0.6634,
      "step": 595
    },
    {
      "epoch": 1.0,
      "eval_MAE": 12.599365234375,
      "eval_MAE_DeltaG_EP_gas_molar_kcal_mol": 12.276280403137207,
      "eval_MAE_DeltaG_ET_gas_molar_kcal_mol": 12.922442436218262,
      "eval_R2": 0.3359073683222421,
      "eval_R2_DeltaG_EP_gas_molar_kcal_mol": 0.43108337659780716,
      "eval_R2_DeltaG_ET_gas_molar_kcal_mol": 0.2407313239729808,
      "eval_RMSE": 17.501066207885742,
      "eval_RMSE_DeltaG_EP_gas_molar_kcal_mol": 18.356605529785156,
      "eval_RMSE_DeltaG_ET_gas_molar_kcal_mol": 16.645530700683594,
      "eval_loss": 0.920712411403656,
      "eval_runtime": 0.3763,
      "eval_samples_per_second": 1110.932,
      "eval_scaled_MAE": 0.6753426790237427,
      "eval_scaled_MSE_loss": 0.920712411403656,
      "eval_scaled_R2": 0.33590736345491906,
      "eval_scaled_RMSE": 0.946431577205658,
      "eval_steps_per_second": 71.759,
      "step": 595
    },
    {
      "epoch": 2.0,
      "learning_rate": 9.992432628883199e-05,
      "loss": 0.2449,
      "step": 1190
    },
    {
      "epoch": 2.0,
      "eval_MAE": 10.424249649047852,
      "eval_MAE_DeltaG_EP_gas_molar_kcal_mol": 11.284173011779785,
      "eval_MAE_DeltaG_ET_gas_molar_kcal_mol": 9.56432819366455,
      "eval_R2": 0.4873558575874405,
      "eval_R2_DeltaG_EP_gas_molar_kcal_mol": 0.5309929355872436,
      "eval_R2_DeltaG_ET_gas_molar_kcal_mol": 0.44371875315809894,
      "eval_RMSE": 15.4573974609375,
      "eval_RMSE_DeltaG_EP_gas_molar_kcal_mol": 16.66701316833496,
      "eval_RMSE_DeltaG_ET_gas_molar_kcal_mol": 14.247776985168457,
      "eval_loss": 0.7305147647857666,
      "eval_runtime": 0.3418,
      "eval_samples_per_second": 1223.112,
      "eval_scaled_MAE": 0.5659711360931396,
      "eval_scaled_MSE_loss": 0.7305148243904114,
      "eval_scaled_R2": 0.4873558583419446,
      "eval_scaled_RMSE": 0.8388193845748901,
      "eval_steps_per_second": 79.005,
      "step": 1190
    },
    {
      "epoch": 3.0,
      "learning_rate": 9.932031026866871e-05,
      "loss": 0.1661,
      "step": 1785
    },
    {
      "epoch": 3.0,
      "eval_MAE": 9.399340629577637,
      "eval_MAE_DeltaG_EP_gas_molar_kcal_mol": 10.12900447845459,
      "eval_MAE_DeltaG_ET_gas_molar_kcal_mol": 8.669677734375,
      "eval_R2": 0.5724578525715166,
      "eval_R2_DeltaG_EP_gas_molar_kcal_mol": 0.598759081568831,
      "eval_R2_DeltaG_ET_gas_molar_kcal_mol": 0.5461566020115993,
      "eval_RMSE": 14.14260196685791,
      "eval_RMSE_DeltaG_EP_gas_molar_kcal_mol": 15.415964126586914,
      "eval_RMSE_DeltaG_ET_gas_molar_kcal_mol": 12.869239807128906,
      "eval_loss": 0.615933895111084,
      "eval_runtime": 0.3289,
      "eval_samples_per_second": 1270.821,
      "eval_scaled_MAE": 0.5100321769714355,
      "eval_scaled_MSE_loss": 0.615933895111084,
      "eval_scaled_R2": 0.5724578440763077,
      "eval_scaled_RMSE": 0.7685369253158569,
      "eval_steps_per_second": 82.087,
      "step": 1785
    },
    {
      "epoch": 4.0,
      "learning_rate": 9.811706862038026e-05,
      "loss": 0.1337,
      "step": 2380
    },
    {
      "epoch": 4.0,
      "eval_MAE": 8.962711334228516,
      "eval_MAE_DeltaG_EP_gas_molar_kcal_mol": 8.882343292236328,
      "eval_MAE_DeltaG_ET_gas_molar_kcal_mol": 9.04307746887207,
      "eval_R2": 0.5482767685862249,
      "eval_R2_DeltaG_EP_gas_molar_kcal_mol": 0.6779498383670937,
      "eval_R2_DeltaG_ET_gas_molar_kcal_mol": 0.41860367118257213,
      "eval_RMSE": 14.18850326538086,
      "eval_RMSE_DeltaG_EP_gas_molar_kcal_mol": 13.811148643493652,
      "eval_RMSE_DeltaG_ET_gas_molar_kcal_mol": 14.565855979919434,
      "eval_loss": 0.5832409858703613,
      "eval_runtime": 0.3092,
      "eval_samples_per_second": 1351.73,
      "eval_scaled_MAE": 0.481370210647583,
      "eval_scaled_MSE_loss": 0.5832409858703613,
      "eval_scaled_R2": 0.5482767519289415,
      "eval_scaled_RMSE": 0.7604361176490784,
      "eval_steps_per_second": 87.313,
      "step": 2380
    },
    {
      "epoch": 5.0,
      "learning_rate": 9.632971652999046e-05,
      "loss": 0.1101,
      "step": 2975
    },
    {
      "epoch": 5.0,
      "eval_MAE": 8.654155731201172,
      "eval_MAE_DeltaG_EP_gas_molar_kcal_mol": 8.878151893615723,
      "eval_MAE_DeltaG_ET_gas_molar_kcal_mol": 8.430157661437988,
      "eval_R2": 0.5818323540017722,
      "eval_R2_DeltaG_EP_gas_molar_kcal_mol": 0.6795203913052174,
      "eval_R2_DeltaG_ET_gas_molar_kcal_mol": 0.48414429218945054,
      "eval_RMSE": 13.748868942260742,
      "eval_RMSE_DeltaG_EP_gas_molar_kcal_mol": 13.77743148803711,
      "eval_RMSE_DeltaG_ET_gas_molar_kcal_mol": 13.72031307220459,
      "eval_loss": 0.5547310709953308,
      "eval_runtime": 0.3191,
      "eval_samples_per_second": 1309.89,
      "eval_scaled_MAE": 0.4667292833328247,
      "eval_scaled_MSE_loss": 0.5547310709953308,
      "eval_scaled_R2": 0.5818323501831443,
      "eval_scaled_RMSE": 0.7393980026245117,
      "eval_steps_per_second": 84.61,
      "step": 2975
    },
    {
      "epoch": 6.0,
      "learning_rate": 9.397995130886182e-05,
      "loss": 0.0991,
      "step": 3570
    },
    {
      "epoch": 6.0,
      "eval_MAE": 7.905283451080322,
      "eval_MAE_DeltaG_EP_gas_molar_kcal_mol": 8.050853729248047,
      "eval_MAE_DeltaG_ET_gas_molar_kcal_mol": 7.759714603424072,
      "eval_R2": 0.6274983283353222,
      "eval_R2_DeltaG_EP_gas_molar_kcal_mol": 0.6870218937045964,
      "eval_R2_DeltaG_ET_gas_molar_kcal_mol": 0.567974742440049,
      "eval_RMSE": 13.085660934448242,
      "eval_RMSE_DeltaG_EP_gas_molar_kcal_mol": 13.61523151397705,
      "eval_RMSE_DeltaG_ET_gas_molar_kcal_mol": 12.55609130859375,
      "eval_loss": 0.5123763084411621,
      "eval_runtime": 0.3138,
      "eval_samples_per_second": 1332.252,
      "eval_scaled_MAE": 0.42596369981765747,
      "eval_scaled_MSE_loss": 0.5123763680458069,
      "eval_scaled_R2": 0.6274983343201859,
      "eval_scaled_RMSE": 0.706947922706604,
      "eval_steps_per_second": 86.055,
      "step": 3570
    },
    {
      "epoch": 7.0,
      "learning_rate": 9.109629760409986e-05,
      "loss": 0.0849,
      "step": 4165
    },
    {
      "epoch": 7.0,
      "eval_MAE": 8.17371940612793,
      "eval_MAE_DeltaG_EP_gas_molar_kcal_mol": 8.361557960510254,
      "eval_MAE_DeltaG_ET_gas_molar_kcal_mol": 7.985878944396973,
      "eval_R2": 0.6460585373526464,
      "eval_R2_DeltaG_EP_gas_molar_kcal_mol": 0.7051868238184928,
      "eval_R2_DeltaG_ET_gas_molar_kcal_mol": 0.5869302312613973,
      "eval_RMSE": 12.745881080627441,
      "eval_RMSE_DeltaG_EP_gas_molar_kcal_mol": 13.214219093322754,
      "eval_RMSE_DeltaG_ET_gas_molar_kcal_mol": 12.277545928955078,
      "eval_loss": 0.4851430356502533,
      "eval_runtime": 0.3404,
      "eval_samples_per_second": 1228.087,
      "eval_scaled_MAE": 0.4406668245792389,
      "eval_scaled_MSE_loss": 0.4851430356502533,
      "eval_scaled_R2": 0.6460585349849266,
      "eval_scaled_RMSE": 0.6882874965667725,
      "eval_steps_per_second": 79.326,
      "step": 4165
    },
    {
      "epoch": 8.0,
      "learning_rate": 8.771376112757877e-05,
      "loss": 0.0778,
      "step": 4760
    },
    {
      "epoch": 8.0,
      "eval_MAE": 7.73655891418457,
      "eval_MAE_DeltaG_EP_gas_molar_kcal_mol": 7.799231052398682,
      "eval_MAE_DeltaG_ET_gas_molar_kcal_mol": 7.673882961273193,
      "eval_R2": 0.6463532763880862,
      "eval_R2_DeltaG_EP_gas_molar_kcal_mol": 0.7288015225905775,
      "eval_R2_DeltaG_ET_gas_molar_kcal_mol": 0.5639050094662384,
      "eval_RMSE": 12.644514083862305,
      "eval_RMSE_DeltaG_EP_gas_molar_kcal_mol": 12.673940658569336,
      "eval_RMSE_DeltaG_ET_gas_molar_kcal_mol": 12.615092277526855,
      "eval_loss": 0.4692499041557312,
      "eval_runtime": 0.3337,
      "eval_samples_per_second": 1252.784,
      "eval_scaled_MAE": 0.4163613021373749,
      "eval_scaled_MSE_loss": 0.4692499339580536,
      "eval_scaled_R2": 0.6463532739958033,
      "eval_scaled_RMSE": 0.6800273656845093,
      "eval_steps_per_second": 80.921,
      "step": 4760
    },
    {
      "epoch": 9.0,
      "learning_rate": 8.387340370898549e-05,
      "loss": 0.0697,
      "step": 5355
    },
    {
      "epoch": 9.0,
      "eval_MAE": 8.107874870300293,
      "eval_MAE_DeltaG_EP_gas_molar_kcal_mol": 8.16815185546875,
      "eval_MAE_DeltaG_ET_gas_molar_kcal_mol": 8.047607421875,
      "eval_R2": 0.5991914183281151,
      "eval_R2_DeltaG_EP_gas_molar_kcal_mol": 0.697307919679517,
      "eval_R2_DeltaG_ET_gas_molar_kcal_mol": 0.5010748932722284,
      "eval_RMSE": 13.44145393371582,
      "eval_RMSE_DeltaG_EP_gas_molar_kcal_mol": 13.389630317687988,
      "eval_RMSE_DeltaG_ET_gas_molar_kcal_mol": 13.493281364440918,
      "eval_loss": 0.5287311673164368,
      "eval_runtime": 0.3386,
      "eval_samples_per_second": 1234.313,
      "eval_scaled_MAE": 0.4363102316856384,
      "eval_scaled_MSE_loss": 0.528731107711792,
      "eval_scaled_R2": 0.5991914127331399,
      "eval_scaled_RMSE": 0.7223549485206604,
      "eval_steps_per_second": 79.728,
      "step": 5355
    },
    {
      "epoch": 10.0,
      "learning_rate": 7.962184483146641e-05,
      "loss": 0.0633,
      "step": 5950
    },
    {
      "epoch": 10.0,
      "eval_MAE": 7.264138221740723,
      "eval_MAE_DeltaG_EP_gas_molar_kcal_mol": 7.252737522125244,
      "eval_MAE_DeltaG_ET_gas_molar_kcal_mol": 7.275537967681885,
      "eval_R2": 0.6665593921110937,
      "eval_R2_DeltaG_EP_gas_molar_kcal_mol": 0.7527077666400945,
      "eval_R2_DeltaG_ET_gas_molar_kcal_mol": 0.5804109976469545,
      "eval_RMSE": 12.238250732421875,
      "eval_RMSE_DeltaG_EP_gas_molar_kcal_mol": 12.102450370788574,
      "eval_RMSE_DeltaG_ET_gas_molar_kcal_mol": 12.374052047729492,
      "eval_loss": 0.43686383962631226,
      "eval_runtime": 0.3208,
      "eval_samples_per_second": 1303.022,
      "eval_scaled_MAE": 0.39048710465431213,
      "eval_scaled_MSE_loss": 0.43686386942863464,
      "eval_scaled_R2": 0.6665593861078534,
      "eval_scaled_RMSE": 0.6571263074874878,
      "eval_steps_per_second": 84.167,
      "step": 5950
    }
  ],
  "max_steps": 17850,
  "num_train_epochs": 30,
  "total_flos": 139469248972800.0,
  "trial_name": null,
  "trial_params": null
}
