{
  "best_metric": 0.08661065250635147,
  "best_model_checkpoint": "fine_tune/checkpoint-10557",
  "epoch": 17.0,
  "global_step": 10557,
  "is_hyper_param_search": false,
  "is_local_process_zero": true,
  "is_world_process_zero": true,
  "log_history": [
    {
      "epoch": 1.0,
      "learning_rate": 6.652360515021459e-05,
      "loss": 0.6728,
      "step": 621
    },
    {
      "epoch": 1.0,
      "eval_MAE": 7.0410308837890625,
      "eval_MAE_DeltaG_EP_gas_molar_kcal_mol": 6.3836164474487305,
      "eval_MAE_DeltaG_ET_gas_molar_kcal_mol": 7.6984405517578125,
      "eval_R2": 0.6434297602997217,
      "eval_R2_DeltaG_EP_gas_molar_kcal_mol": 0.7035694173207644,
      "eval_R2_DeltaG_ET_gas_molar_kcal_mol": 0.5832901033229226,
      "eval_RMSE": 10.177454948425293,
      "eval_RMSE_DeltaG_EP_gas_molar_kcal_mol": 8.752289772033691,
      "eval_RMSE_DeltaG_ET_gas_molar_kcal_mol": 11.602622985839844,
      "eval_loss": 0.28342512249946594,
      "eval_runtime": 0.7362,
      "eval_samples_per_second": 1415.452,
      "eval_scaled_MAE": 0.36961835622787476,
      "eval_scaled_MSE_loss": 0.28342509269714355,
      "eval_scaled_R2": 0.6434297620937983,
      "eval_scaled_RMSE": 0.5318485498428345,
      "eval_steps_per_second": 89.654,
      "step": 621
    },
    {
      "epoch": 2.0,
      "learning_rate": 9.992480318558906e-05,
      "loss": 0.2515,
      "step": 1242
    },
    {
      "epoch": 2.0,
      "eval_MAE": 4.838932514190674,
      "eval_MAE_DeltaG_EP_gas_molar_kcal_mol": 4.517602443695068,
      "eval_MAE_DeltaG_ET_gas_molar_kcal_mol": 5.160264015197754,
      "eval_R2": 0.7983368693963481,
      "eval_R2_DeltaG_EP_gas_molar_kcal_mol": 0.8140761931600922,
      "eval_R2_DeltaG_ET_gas_molar_kcal_mol": 0.7825975456556865,
      "eval_RMSE": 7.656018257141113,
      "eval_RMSE_DeltaG_EP_gas_molar_kcal_mol": 6.931507110595703,
      "eval_RMSE_DeltaG_ET_gas_molar_kcal_mol": 8.38053035736084,
      "eval_loss": 0.16148601472377777,
      "eval_runtime": 0.6238,
      "eval_samples_per_second": 1670.459,
      "eval_scaled_MAE": 0.2546831965446472,
      "eval_scaled_MSE_loss": 0.16148601472377777,
      "eval_scaled_R2": 0.798336870835966,
      "eval_scaled_RMSE": 0.4018527865409851,
      "eval_steps_per_second": 105.806,
      "step": 1242
    },
    {
      "epoch": 3.0,
      "learning_rate": 9.932021634207155e-05,
      "loss": 0.1759,
      "step": 1863
    },
    {
      "epoch": 3.0,
      "eval_MAE": 3.8465561866760254,
      "eval_MAE_DeltaG_EP_gas_molar_kcal_mol": 3.8207104206085205,
      "eval_MAE_DeltaG_ET_gas_molar_kcal_mol": 3.872405767440796,
      "eval_R2": 0.8431562064147333,
      "eval_R2_DeltaG_EP_gas_molar_kcal_mol": 0.8388001656680786,
      "eval_R2_DeltaG_ET_gas_molar_kcal_mol": 0.8475122471775784,
      "eval_RMSE": 6.7364501953125,
      "eval_RMSE_DeltaG_EP_gas_molar_kcal_mol": 6.454200744628906,
      "eval_RMSE_DeltaG_ET_gas_molar_kcal_mol": 7.018701553344727,
      "eval_loss": 0.12667785584926605,
      "eval_runtime": 0.6267,
      "eval_samples_per_second": 1662.576,
      "eval_scaled_MAE": 0.20362050831317902,
      "eval_scaled_MSE_loss": 0.12667787075042725,
      "eval_scaled_R2": 0.8431562081981454,
      "eval_scaled_RMSE": 0.35539349913597107,
      "eval_steps_per_second": 105.307,
      "step": 1863
    },
    {
      "epoch": 4.0,
      "learning_rate": 9.811691508929562e-05,
      "loss": 0.1434,
      "step": 2484
    },
    {
      "epoch": 4.0,
      "eval_MAE": 4.093577861785889,
      "eval_MAE_DeltaG_EP_gas_molar_kcal_mol": 3.9995126724243164,
      "eval_MAE_DeltaG_ET_gas_molar_kcal_mol": 4.187637805938721,
      "eval_R2": 0.8443479021409965,
      "eval_R2_DeltaG_EP_gas_molar_kcal_mol": 0.8330962435692201,
      "eval_R2_DeltaG_ET_gas_molar_kcal_mol": 0.8555995607281048,
      "eval_RMSE": 6.6987199783325195,
      "eval_RMSE_DeltaG_EP_gas_molar_kcal_mol": 6.56739616394043,
      "eval_RMSE_DeltaG_ET_gas_molar_kcal_mol": 6.830044746398926,
      "eval_loss": 0.12616698443889618,
      "eval_runtime": 0.7147,
      "eval_samples_per_second": 1458.028,
      "eval_scaled_MAE": 0.21635782718658447,
      "eval_scaled_MSE_loss": 0.12616698443889618,
      "eval_scaled_R2": 0.8443479023833316,
      "eval_scaled_RMSE": 0.35416269302368164,
      "eval_steps_per_second": 92.351,
      "step": 2484
    },
    {
      "epoch": 5.0,
      "learning_rate": 9.632950669892684e-05,
      "loss": 0.1229,
      "step": 3105
    },
    {
      "epoch": 5.0,
      "eval_MAE": 3.7326736450195312,
      "eval_MAE_DeltaG_EP_gas_molar_kcal_mol": 3.5648562908172607,
      "eval_MAE_DeltaG_ET_gas_molar_kcal_mol": 3.90048885345459,
      "eval_R2": 0.8528146368515096,
      "eval_R2_DeltaG_EP_gas_molar_kcal_mol": 0.8477706258231408,
      "eval_R2_DeltaG_ET_gas_molar_kcal_mol": 0.8578586478949701,
      "eval_RMSE": 6.524227142333984,
      "eval_RMSE_DeltaG_EP_gas_molar_kcal_mol": 6.272048473358154,
      "eval_RMSE_DeltaG_ET_gas_molar_kcal_mol": 6.776407718658447,
      "eval_loss": 0.11893937736749649,
      "eval_runtime": 0.7171,
      "eval_samples_per_second": 1453.163,
      "eval_scaled_MAE": 0.19686570763587952,
      "eval_scaled_MSE_loss": 0.1189393699169159,
      "eval_scaled_R2": 0.8528146367117313,
      "eval_scaled_RMSE": 0.34430497884750366,
      "eval_steps_per_second": 92.043,
      "step": 3105
    },
    {
      "epoch": 6.0,
      "learning_rate": 9.397968911225408e-05,
      "loss": 0.1085,
      "step": 3726
    },
    {
      "epoch": 6.0,
      "eval_MAE": 3.388928174972534,
      "eval_MAE_DeltaG_EP_gas_molar_kcal_mol": 3.5149736404418945,
      "eval_MAE_DeltaG_ET_gas_molar_kcal_mol": 3.262880802154541,
      "eval_R2": 0.8639344128666229,
      "eval_R2_DeltaG_EP_gas_molar_kcal_mol": 0.8422595424151752,
      "eval_R2_DeltaG_ET_gas_molar_kcal_mol": 0.8856092833302158,
      "eval_RMSE": 6.231803894042969,
      "eval_RMSE_DeltaG_EP_gas_molar_kcal_mol": 6.384571075439453,
      "eval_RMSE_DeltaG_ET_gas_molar_kcal_mol": 6.079035758972168,
      "eval_loss": 0.11106245964765549,
      "eval_runtime": 0.7106,
      "eval_samples_per_second": 1466.337,
      "eval_scaled_MAE": 0.18015258014202118,
      "eval_scaled_MSE_loss": 0.11106245964765549,
      "eval_scaled_R2": 0.8639344160384419,
      "eval_scaled_RMSE": 0.3308754563331604,
      "eval_steps_per_second": 92.877,
      "step": 3726
    },
    {
      "epoch": 7.0,
      "learning_rate": 9.109598754170769e-05,
      "loss": 0.0983,
      "step": 4347
    },
    {
      "epoch": 7.0,
      "eval_MAE": 3.3876194953918457,
      "eval_MAE_DeltaG_EP_gas_molar_kcal_mol": 3.3299927711486816,
      "eval_MAE_DeltaG_ET_gas_molar_kcal_mol": 3.445248603820801,
      "eval_R2": 0.8681446995836849,
      "eval_R2_DeltaG_EP_gas_molar_kcal_mol": 0.8510680981232698,
      "eval_R2_DeltaG_ET_gas_molar_kcal_mol": 0.8852213010562866,
      "eval_RMSE": 6.146541595458984,
      "eval_RMSE_DeltaG_EP_gas_molar_kcal_mol": 6.203746318817139,
      "eval_RMSE_DeltaG_ET_gas_molar_kcal_mol": 6.089335918426514,
      "eval_loss": 0.10736982524394989,
      "eval_runtime": 0.7004,
      "eval_samples_per_second": 1487.641,
      "eval_scaled_MAE": 0.17914892733097076,
      "eval_scaled_MSE_loss": 0.10736982524394989,
      "eval_scaled_R2": 0.8681447008155028,
      "eval_scaled_RMSE": 0.3258730173110962,
      "eval_steps_per_second": 94.227,
      "step": 4347
    },
    {
      "epoch": 8.0,
      "learning_rate": 8.771923499376988e-05,
      "loss": 0.0902,
      "step": 4968
    },
    {
      "epoch": 8.0,
      "eval_MAE": 3.045867443084717,
      "eval_MAE_DeltaG_EP_gas_molar_kcal_mol": 2.944258689880371,
      "eval_MAE_DeltaG_ET_gas_molar_kcal_mol": 3.1474781036376953,
      "eval_R2": 0.8826963500200258,
      "eval_R2_DeltaG_EP_gas_molar_kcal_mol": 0.8678428056051075,
      "eval_R2_DeltaG_ET_gas_molar_kcal_mol": 0.8975498944458216,
      "eval_RMSE": 5.798476219177246,
      "eval_RMSE_DeltaG_EP_gas_molar_kcal_mol": 5.843937397003174,
      "eval_RMSE_DeltaG_ET_gas_molar_kcal_mol": 5.753015041351318,
      "eval_loss": 0.09549834579229355,
      "eval_runtime": 0.7088,
      "eval_samples_per_second": 1470.182,
      "eval_scaled_MAE": 0.1608225405216217,
      "eval_scaled_MSE_loss": 0.09549834579229355,
      "eval_scaled_R2": 0.8826963502336245,
      "eval_scaled_RMSE": 0.30737626552581787,
      "eval_steps_per_second": 93.121,
      "step": 4968
    },
    {
      "epoch": 9.0,
      "learning_rate": 8.387954128404272e-05,
      "loss": 0.0804,
      "step": 5589
    },
    {
      "epoch": 9.0,
      "eval_MAE": 3.31298565864563,
      "eval_MAE_DeltaG_EP_gas_molar_kcal_mol": 3.238030195236206,
      "eval_MAE_DeltaG_ET_gas_molar_kcal_mol": 3.3879446983337402,
      "eval_R2": 0.8746850257501162,
      "eval_R2_DeltaG_EP_gas_molar_kcal_mol": 0.8597288904522021,
      "eval_R2_DeltaG_ET_gas_molar_kcal_mol": 0.8896411610597473,
      "eval_RMSE": 5.995800971984863,
      "eval_RMSE_DeltaG_EP_gas_molar_kcal_mol": 6.0206618309021,
      "eval_RMSE_DeltaG_ET_gas_molar_kcal_mol": 5.97094202041626,
      "eval_loss": 0.10196103155612946,
      "eval_runtime": 0.7121,
      "eval_samples_per_second": 1463.248,
      "eval_scaled_MAE": 0.17510738968849182,
      "eval_scaled_MSE_loss": 0.10196103900671005,
      "eval_scaled_R2": 0.8746850260933456,
      "eval_scaled_RMSE": 0.31772381067276,
      "eval_steps_per_second": 92.682,
      "step": 5589
    },
    {
      "epoch": 10.0,
      "learning_rate": 7.962857262359076e-05,
      "loss": 0.0744,
      "step": 6210
    },
    {
      "epoch": 10.0,
      "eval_MAE": 2.878451347351074,
      "eval_MAE_DeltaG_EP_gas_molar_kcal_mol": 2.9964730739593506,
      "eval_MAE_DeltaG_ET_gas_molar_kcal_mol": 2.7604317665100098,
      "eval_R2": 0.8811517003297858,
      "eval_R2_DeltaG_EP_gas_molar_kcal_mol": 0.8613443469434252,
      "eval_R2_DeltaG_ET_gas_molar_kcal_mol": 0.9009590537266621,
      "eval_RMSE": 5.82119083404541,
      "eval_RMSE_DeltaG_EP_gas_molar_kcal_mol": 5.985893249511719,
      "eval_RMSE_DeltaG_ET_gas_molar_kcal_mol": 5.656485557556152,
      "eval_loss": 0.09706602990627289,
      "eval_runtime": 0.7103,
      "eval_samples_per_second": 1466.911,
      "eval_scaled_MAE": 0.15307191014289856,
      "eval_scaled_MSE_loss": 0.09706602990627289,
      "eval_scaled_R2": 0.881151700214557,
      "eval_scaled_RMSE": 0.30918604135513306,
      "eval_steps_per_second": 92.914,
      "step": 6210
    },
    {
      "epoch": 11.0,
      "learning_rate": 7.501793292616539e-05,
      "loss": 0.0694,
      "step": 6831
    },
    {
      "epoch": 11.0,
      "eval_MAE": 3.0253336429595947,
      "eval_MAE_DeltaG_EP_gas_molar_kcal_mol": 3.3559763431549072,
      "eval_MAE_DeltaG_ET_gas_molar_kcal_mol": 2.6946918964385986,
      "eval_R2": 0.8866437797796647,
      "eval_R2_DeltaG_EP_gas_molar_kcal_mol": 0.8599750136990438,
      "eval_R2_DeltaG_ET_gas_molar_kcal_mol": 0.9133125458694896,
      "eval_RMSE": 5.6536736488342285,
      "eval_RMSE_DeltaG_EP_gas_molar_kcal_mol": 6.015378475189209,
      "eval_RMSE_DeltaG_ET_gas_molar_kcal_mol": 5.291970252990723,
      "eval_loss": 0.09308742731809616,
      "eval_runtime": 0.7108,
      "eval_samples_per_second": 1465.882,
      "eval_scaled_MAE": 0.16193395853042603,
      "eval_scaled_MSE_loss": 0.09308742731809616,
      "eval_scaled_R2": 0.8866437812611789,
      "eval_scaled_RMSE": 0.3013150095939636,
      "eval_steps_per_second": 92.849,
      "step": 6831
    },
    {
      "epoch": 12.0,
      "learning_rate": 7.01117184877052e-05,
      "loss": 0.0625,
      "step": 7452
    },
    {
      "epoch": 12.0,
      "eval_MAE": 2.9753167629241943,
      "eval_MAE_DeltaG_EP_gas_molar_kcal_mol": 3.309743642807007,
      "eval_MAE_DeltaG_ET_gas_molar_kcal_mol": 2.6408913135528564,
      "eval_R2": 0.8828874166498862,
      "eval_R2_DeltaG_EP_gas_molar_kcal_mol": 0.8525147158752415,
      "eval_R2_DeltaG_ET_gas_molar_kcal_mol": 0.9132601174337405,
      "eval_RMSE": 5.733556747436523,
      "eval_RMSE_DeltaG_EP_gas_molar_kcal_mol": 6.173543453216553,
      "eval_RMSE_DeltaG_ET_gas_molar_kcal_mol": 5.293570518493652,
      "eval_loss": 0.09635595977306366,
      "eval_runtime": 0.7065,
      "eval_samples_per_second": 1474.97,
      "eval_scaled_MAE": 0.15930381417274475,
      "eval_scaled_MSE_loss": 0.09635596722364426,
      "eval_scaled_R2": 0.8828874153914377,
      "eval_scaled_RMSE": 0.3059447407722473,
      "eval_steps_per_second": 93.424,
      "step": 7452
    },
    {
      "epoch": 13.0,
      "learning_rate": 6.495367702438101e-05,
      "loss": 0.0545,
      "step": 8073
    },
    {
      "epoch": 13.0,
      "eval_MAE": 2.8028836250305176,
      "eval_MAE_DeltaG_EP_gas_molar_kcal_mol": 3.093651056289673,
      "eval_MAE_DeltaG_ET_gas_molar_kcal_mol": 2.5121161937713623,
      "eval_R2": 0.890359496855773,
      "eval_R2_DeltaG_EP_gas_molar_kcal_mol": 0.8639785027168594,
      "eval_R2_DeltaG_ET_gas_molar_kcal_mol": 0.9167404910035266,
      "eval_RMSE": 5.557520866394043,
      "eval_RMSE_DeltaG_EP_gas_molar_kcal_mol": 5.928761005401611,
      "eval_RMSE_DeltaG_ET_gas_molar_kcal_mol": 5.186282634735107,
      "eval_loss": 0.090074323117733,
      "eval_runtime": 0.6207,
      "eval_samples_per_second": 1678.826,
      "eval_scaled_MAE": 0.1499479115009308,
      "eval_scaled_MSE_loss": 0.090074323117733,
      "eval_scaled_R2": 0.8903594968924939,
      "eval_scaled_RMSE": 0.2962704300880432,
      "eval_steps_per_second": 106.336,
      "step": 8073
    },
    {
      "epoch": 14.0,
      "learning_rate": 5.961410793263368e-05,
      "loss": 0.0505,
      "step": 8694
    },
    {
      "epoch": 14.0,
      "eval_MAE": 2.8620760440826416,
      "eval_MAE_DeltaG_EP_gas_molar_kcal_mol": 3.1286745071411133,
      "eval_MAE_DeltaG_ET_gas_molar_kcal_mol": 2.59547758102417,
      "eval_R2": 0.8852252090861039,
      "eval_R2_DeltaG_EP_gas_molar_kcal_mol": 0.8608171915545814,
      "eval_R2_DeltaG_ET_gas_molar_kcal_mol": 0.9096332266272211,
      "eval_RMSE": 5.700183868408203,
      "eval_RMSE_DeltaG_EP_gas_molar_kcal_mol": 5.9972615242004395,
      "eval_RMSE_DeltaG_ET_gas_molar_kcal_mol": 5.403108596801758,
      "eval_loss": 0.09408323466777802,
      "eval_runtime": 0.6161,
      "eval_samples_per_second": 1691.288,
      "eval_scaled_MAE": 0.15296036005020142,
      "eval_scaled_MSE_loss": 0.09408324211835861,
      "eval_scaled_R2": 0.8852252099530475,
      "eval_scaled_RMSE": 0.3034498691558838,
      "eval_steps_per_second": 107.126,
      "step": 8694
    },
    {
      "epoch": 15.0,
      "learning_rate": 5.4157830006693255e-05,
      "loss": 0.0453,
      "step": 9315
    },
    {
      "epoch": 15.0,
      "eval_MAE": 2.691333770751953,
      "eval_MAE_DeltaG_EP_gas_molar_kcal_mol": 2.788364887237549,
      "eval_MAE_DeltaG_ET_gas_molar_kcal_mol": 2.594301223754883,
      "eval_R2": 0.8873365241254187,
      "eval_R2_DeltaG_EP_gas_molar_kcal_mol": 0.8620354632148686,
      "eval_R2_DeltaG_ET_gas_molar_kcal_mol": 0.9126375850452446,
      "eval_RMSE": 5.641744613647461,
      "eval_RMSE_DeltaG_EP_gas_molar_kcal_mol": 5.970956325531006,
      "eval_RMSE_DeltaG_ET_gas_molar_kcal_mol": 5.312532424926758,
      "eval_loss": 0.09244003146886826,
      "eval_runtime": 0.6162,
      "eval_samples_per_second": 1691.087,
      "eval_scaled_MAE": 0.14305344223976135,
      "eval_scaled_MSE_loss": 0.09244003146886826,
      "eval_scaled_R2": 0.8873365232791994,
      "eval_scaled_RMSE": 0.3005177974700928,
      "eval_steps_per_second": 107.113,
      "step": 9315
    },
    {
      "epoch": 16.0,
      "learning_rate": 4.8651078807906895e-05,
      "loss": 0.0415,
      "step": 9936
    },
    {
      "epoch": 16.0,
      "eval_MAE": 2.5824975967407227,
      "eval_MAE_DeltaG_EP_gas_molar_kcal_mol": 2.775829553604126,
      "eval_MAE_DeltaG_ET_gas_molar_kcal_mol": 2.389164447784424,
      "eval_R2": 0.8906821093011761,
      "eval_R2_DeltaG_EP_gas_molar_kcal_mol": 0.8648329530360875,
      "eval_R2_DeltaG_ET_gas_molar_kcal_mol": 0.916531265575127,
      "eval_RMSE": 5.55145263671875,
      "eval_RMSE_DeltaG_EP_gas_molar_kcal_mol": 5.910109996795654,
      "eval_RMSE_DeltaG_ET_gas_molar_kcal_mol": 5.192795276641846,
      "eval_loss": 0.08977968245744705,
      "eval_runtime": 0.6111,
      "eval_samples_per_second": 1705.076,
      "eval_scaled_MAE": 0.13777828216552734,
      "eval_scaled_MSE_loss": 0.08977968245744705,
      "eval_scaled_R2": 0.8906821102519085,
      "eval_scaled_RMSE": 0.295884907245636,
      "eval_steps_per_second": 107.999,
      "step": 9936
    },
    {
      "epoch": 17.0,
      "learning_rate": 4.316070260936504e-05,
      "loss": 0.0382,
      "step": 10557
    },
    {
      "epoch": 17.0,
      "eval_MAE": 2.445183515548706,
      "eval_MAE_DeltaG_EP_gas_molar_kcal_mol": 2.6623411178588867,
      "eval_MAE_DeltaG_ET_gas_molar_kcal_mol": 2.228025436401367,
      "eval_R2": 0.8947052491657326,
      "eval_R2_DeltaG_EP_gas_molar_kcal_mol": 0.8677354078796075,
      "eval_R2_DeltaG_ET_gas_molar_kcal_mol": 0.9216750904601737,
      "eval_RMSE": 5.4382781982421875,
      "eval_RMSE_DeltaG_EP_gas_molar_kcal_mol": 5.846312046051025,
      "eval_RMSE_DeltaG_ET_gas_molar_kcal_mol": 5.030246257781982,
      "eval_loss": 0.08661065250635147,
      "eval_runtime": 0.6168,
      "eval_samples_per_second": 1689.467,
      "eval_scaled_MAE": 0.13062596321105957,
      "eval_scaled_MSE_loss": 0.08661065250635147,
      "eval_scaled_R2": 0.8947052519137715,
      "eval_scaled_RMSE": 0.2901412844657898,
      "eval_steps_per_second": 107.01,
      "step": 10557
    }
  ],
  "max_steps": 18630,
  "num_train_epochs": 30,
  "total_flos": 247460473082880.0,
  "trial_name": null,
  "trial_params": null
}
