{
  "best_metric": 0.1079418733716011,
  "best_model_checkpoint": "fine_tune/checkpoint-15700",
  "epoch": 25.0,
  "global_step": 15700,
  "is_hyper_param_search": false,
  "is_local_process_zero": true,
  "is_world_process_zero": true,
  "log_history": [
    {
      "epoch": 1.0,
      "learning_rate": 6.656050955414013e-05,
      "loss": 0.6643,
      "step": 628
    },
    {
      "epoch": 1.0,
      "eval_MAE": 6.993601322174072,
      "eval_MAE_DeltaG_EP_gas_molar_kcal_mol": 6.704934120178223,
      "eval_MAE_DeltaG_ET_gas_molar_kcal_mol": 7.282271862030029,
      "eval_R2": 0.6878670783393529,
      "eval_R2_DeltaG_EP_gas_molar_kcal_mol": 0.6255690661312874,
      "eval_R2_DeltaG_ET_gas_molar_kcal_mol": 0.750165090613633,
      "eval_RMSE": 10.029302597045898,
      "eval_RMSE_DeltaG_EP_gas_molar_kcal_mol": 9.790653228759766,
      "eval_RMSE_DeltaG_ET_gas_molar_kcal_mol": 10.267955780029297,
      "eval_loss": 0.278113454580307,
      "eval_runtime": 0.4036,
      "eval_samples_per_second": 1461.837,
      "eval_scaled_MAE": 0.36630600690841675,
      "eval_scaled_MSE_loss": 0.278113454580307,
      "eval_scaled_R2": 0.6878670714268311,
      "eval_scaled_RMSE": 0.5261521339416504,
      "eval_steps_per_second": 91.675,
      "step": 628
    },
    {
      "epoch": 2.0,
      "learning_rate": 9.99245585236519e-05,
      "loss": 0.2575,
      "step": 1256
    },
    {
      "epoch": 2.0,
      "eval_MAE": 5.2474260330200195,
      "eval_MAE_DeltaG_EP_gas_molar_kcal_mol": 4.939187526702881,
      "eval_MAE_DeltaG_ET_gas_molar_kcal_mol": 5.555662631988525,
      "eval_R2": 0.8000061166842247,
      "eval_R2_DeltaG_EP_gas_molar_kcal_mol": 0.7609480304954997,
      "eval_R2_DeltaG_ET_gas_molar_kcal_mol": 0.8390642029156029,
      "eval_RMSE": 8.032023429870605,
      "eval_RMSE_DeltaG_EP_gas_molar_kcal_mol": 7.822975158691406,
      "eval_RMSE_DeltaG_ET_gas_molar_kcal_mol": 8.241072654724121,
      "eval_loss": 0.17824774980545044,
      "eval_runtime": 0.3914,
      "eval_samples_per_second": 1507.582,
      "eval_scaled_MAE": 0.27440476417541504,
      "eval_scaled_MSE_loss": 0.17824773490428925,
      "eval_scaled_R2": 0.8000061126989331,
      "eval_scaled_RMSE": 0.42128559947013855,
      "eval_steps_per_second": 94.543,
      "step": 1256
    },
    {
      "epoch": 3.0,
      "learning_rate": 9.931950895490353e-05,
      "loss": 0.1779,
      "step": 1884
    },
    {
      "epoch": 3.0,
      "eval_MAE": 4.304314136505127,
      "eval_MAE_DeltaG_EP_gas_molar_kcal_mol": 4.218169212341309,
      "eval_MAE_DeltaG_ET_gas_molar_kcal_mol": 4.390454292297363,
      "eval_R2": 0.8487895008065153,
      "eval_R2_DeltaG_EP_gas_molar_kcal_mol": 0.8111158544734356,
      "eval_R2_DeltaG_ET_gas_molar_kcal_mol": 0.8864631471696861,
      "eval_RMSE": 6.937865257263184,
      "eval_RMSE_DeltaG_EP_gas_molar_kcal_mol": 6.953821659088135,
      "eval_RMSE_DeltaG_ET_gas_molar_kcal_mol": 6.921908378601074,
      "eval_loss": 0.13428248465061188,
      "eval_runtime": 0.3897,
      "eval_samples_per_second": 1514.106,
      "eval_scaled_MAE": 0.2258889377117157,
      "eval_scaled_MSE_loss": 0.13428248465061188,
      "eval_scaled_R2": 0.8487894986838227,
      "eval_scaled_RMSE": 0.3648422956466675,
      "eval_steps_per_second": 94.952,
      "step": 1884
    },
    {
      "epoch": 4.0,
      "learning_rate": 9.811578735742e-05,
      "loss": 0.1402,
      "step": 2512
    },
    {
      "epoch": 4.0,
      "eval_MAE": 4.1872148513793945,
      "eval_MAE_DeltaG_EP_gas_molar_kcal_mol": 4.408145427703857,
      "eval_MAE_DeltaG_ET_gas_molar_kcal_mol": 3.9662837982177734,
      "eval_R2": 0.8442435322112936,
      "eval_R2_DeltaG_EP_gas_molar_kcal_mol": 0.7903178224925291,
      "eval_R2_DeltaG_ET_gas_molar_kcal_mol": 0.8981692419570467,
      "eval_RMSE": 6.941016674041748,
      "eval_RMSE_DeltaG_EP_gas_molar_kcal_mol": 7.326668739318848,
      "eval_RMSE_DeltaG_ET_gas_molar_kcal_mol": 6.555365085601807,
      "eval_loss": 0.13741663098335266,
      "eval_runtime": 0.3892,
      "eval_samples_per_second": 1515.895,
      "eval_scaled_MAE": 0.22121092677116394,
      "eval_scaled_MSE_loss": 0.13741661608219147,
      "eval_scaled_R2": 0.8442435265059329,
      "eval_scaled_RMSE": 0.36678802967071533,
      "eval_steps_per_second": 95.065,
      "step": 2512
    },
    {
      "epoch": 5.0,
      "learning_rate": 9.632800528079024e-05,
      "loss": 0.1183,
      "step": 3140
    },
    {
      "epoch": 5.0,
      "eval_MAE": 3.8191604614257812,
      "eval_MAE_DeltaG_EP_gas_molar_kcal_mol": 3.8353888988494873,
      "eval_MAE_DeltaG_ET_gas_molar_kcal_mol": 3.8029301166534424,
      "eval_R2": 0.8518665158311503,
      "eval_R2_DeltaG_EP_gas_molar_kcal_mol": 0.8167337877595788,
      "eval_R2_DeltaG_ET_gas_molar_kcal_mol": 0.8869992439326706,
      "eval_RMSE": 6.87758731842041,
      "eval_RMSE_DeltaG_EP_gas_molar_kcal_mol": 6.849628448486328,
      "eval_RMSE_DeltaG_ET_gas_molar_kcal_mol": 6.905547142028809,
      "eval_loss": 0.13165590167045593,
      "eval_runtime": 0.3774,
      "eval_samples_per_second": 1563.43,
      "eval_scaled_MAE": 0.2008744776248932,
      "eval_scaled_MSE_loss": 0.13165591657161713,
      "eval_scaled_R2": 0.8518665175060387,
      "eval_scaled_RMSE": 0.36146172881126404,
      "eval_steps_per_second": 98.046,
      "step": 3140
    },
    {
      "epoch": 6.0,
      "learning_rate": 9.397786397763077e-05,
      "loss": 0.1064,
      "step": 3768
    },
    {
      "epoch": 6.0,
      "eval_MAE": 4.012026786804199,
      "eval_MAE_DeltaG_EP_gas_molar_kcal_mol": 4.177050590515137,
      "eval_MAE_DeltaG_ET_gas_molar_kcal_mol": 3.847003221511841,
      "eval_R2": 0.856805034854935,
      "eval_R2_DeltaG_EP_gas_molar_kcal_mol": 0.8078640857791616,
      "eval_R2_DeltaG_ET_gas_molar_kcal_mol": 0.905745983955689,
      "eval_RMSE": 6.660099983215332,
      "eval_RMSE_DeltaG_EP_gas_molar_kcal_mol": 7.013423442840576,
      "eval_RMSE_DeltaG_ET_gas_molar_kcal_mol": 6.306775093078613,
      "eval_loss": 0.12637215852737427,
      "eval_runtime": 0.38,
      "eval_samples_per_second": 1552.699,
      "eval_scaled_MAE": 0.21173109114170074,
      "eval_scaled_MSE_loss": 0.12637217342853546,
      "eval_scaled_R2": 0.8568050307865867,
      "eval_scaled_RMSE": 0.3518628478050232,
      "eval_steps_per_second": 97.373,
      "step": 3768
    },
    {
      "epoch": 7.0,
      "learning_rate": 9.109389097977617e-05,
      "loss": 0.0932,
      "step": 4396
    },
    {
      "epoch": 7.0,
      "eval_MAE": 3.659053325653076,
      "eval_MAE_DeltaG_EP_gas_molar_kcal_mol": 3.9012818336486816,
      "eval_MAE_DeltaG_ET_gas_molar_kcal_mol": 3.416823387145996,
      "eval_R2": 0.865846416321436,
      "eval_R2_DeltaG_EP_gas_molar_kcal_mol": 0.8342873550403397,
      "eval_R2_DeltaG_ET_gas_molar_kcal_mol": 0.8974054776297233,
      "eval_RMSE": 6.546621322631836,
      "eval_RMSE_DeltaG_EP_gas_molar_kcal_mol": 6.513338088989258,
      "eval_RMSE_DeltaG_ET_gas_molar_kcal_mol": 6.579902648925781,
      "eval_loss": 0.1192464679479599,
      "eval_runtime": 0.3805,
      "eval_samples_per_second": 1550.497,
      "eval_scaled_MAE": 0.19354486465454102,
      "eval_scaled_MSE_loss": 0.1192464679479599,
      "eval_scaled_R2": 0.8658464141355585,
      "eval_scaled_RMSE": 0.34403514862060547,
      "eval_steps_per_second": 97.235,
      "step": 4396
    },
    {
      "epoch": 8.0,
      "learning_rate": 8.771109381268703e-05,
      "loss": 0.0839,
      "step": 5024
    },
    {
      "epoch": 8.0,
      "eval_MAE": 3.6590399742126465,
      "eval_MAE_DeltaG_EP_gas_molar_kcal_mol": 3.4819228649139404,
      "eval_MAE_DeltaG_ET_gas_molar_kcal_mol": 3.8361597061157227,
      "eval_R2": 0.8669364519842706,
      "eval_R2_DeltaG_EP_gas_molar_kcal_mol": 0.8484665841679604,
      "eval_R2_DeltaG_ET_gas_molar_kcal_mol": 0.8854063198309521,
      "eval_RMSE": 6.591248035430908,
      "eval_RMSE_DeltaG_EP_gas_molar_kcal_mol": 6.228450298309326,
      "eval_RMSE_DeltaG_ET_gas_molar_kcal_mol": 6.9540486335754395,
      "eval_loss": 0.11904390901327133,
      "eval_runtime": 0.3792,
      "eval_samples_per_second": 1556.056,
      "eval_scaled_MAE": 0.1915251612663269,
      "eval_scaled_MSE_loss": 0.11904390901327133,
      "eval_scaled_R2": 0.8669364488369258,
      "eval_scaled_RMSE": 0.3447950780391693,
      "eval_steps_per_second": 97.583,
      "step": 5024
    },
    {
      "epoch": 9.0,
      "learning_rate": 8.387699047819074e-05,
      "loss": 0.0766,
      "step": 5652
    },
    {
      "epoch": 9.0,
      "eval_MAE": 3.2740471363067627,
      "eval_MAE_DeltaG_EP_gas_molar_kcal_mol": 3.2064900398254395,
      "eval_MAE_DeltaG_ET_gas_molar_kcal_mol": 3.3416004180908203,
      "eval_R2": 0.8724913889766344,
      "eval_R2_DeltaG_EP_gas_molar_kcal_mol": 0.8430758912993774,
      "eval_R2_DeltaG_ET_gas_molar_kcal_mol": 0.9019068866798893,
      "eval_RMSE": 6.386101722717285,
      "eval_RMSE_DeltaG_EP_gas_molar_kcal_mol": 6.338268756866455,
      "eval_RMSE_DeltaG_ET_gas_molar_kcal_mol": 6.433935165405273,
      "eval_loss": 0.11337453871965408,
      "eval_runtime": 0.3783,
      "eval_samples_per_second": 1559.701,
      "eval_scaled_MAE": 0.1718112677335739,
      "eval_scaled_MSE_loss": 0.11337453871965408,
      "eval_scaled_R2": 0.8724913871751054,
      "eval_scaled_RMSE": 0.33552566170692444,
      "eval_steps_per_second": 97.812,
      "step": 5652
    },
    {
      "epoch": 10.0,
      "learning_rate": 7.962590420831068e-05,
      "loss": 0.0687,
      "step": 6280
    },
    {
      "epoch": 10.0,
      "eval_MAE": 3.428391933441162,
      "eval_MAE_DeltaG_EP_gas_molar_kcal_mol": 3.4329354763031006,
      "eval_MAE_DeltaG_ET_gas_molar_kcal_mol": 3.4238474369049072,
      "eval_R2": 0.8755334971044207,
      "eval_R2_DeltaG_EP_gas_molar_kcal_mol": 0.8519527446021411,
      "eval_R2_DeltaG_ET_gas_molar_kcal_mol": 0.8991142496334386,
      "eval_RMSE": 6.340632438659668,
      "eval_RMSE_DeltaG_EP_gas_molar_kcal_mol": 6.156387805938721,
      "eval_RMSE_DeltaG_ET_gas_molar_kcal_mol": 6.524877071380615,
      "eval_loss": 0.11097617447376251,
      "eval_runtime": 0.3661,
      "eval_samples_per_second": 1611.561,
      "eval_scaled_MAE": 0.180273175239563,
      "eval_scaled_MSE_loss": 0.11097617447376251,
      "eval_scaled_R2": 0.8755334952415661,
      "eval_scaled_RMSE": 0.33247828483581543,
      "eval_steps_per_second": 101.064,
      "step": 6280
    },
    {
      "epoch": 11.0,
      "learning_rate": 7.502279823452485e-05,
      "loss": 0.062,
      "step": 6908
    },
    {
      "epoch": 11.0,
      "eval_MAE": 3.441549062728882,
      "eval_MAE_DeltaG_EP_gas_molar_kcal_mol": 3.4873671531677246,
      "eval_MAE_DeltaG_ET_gas_molar_kcal_mol": 3.3957324028015137,
      "eval_R2": 0.8573378443630095,
      "eval_R2_DeltaG_EP_gas_molar_kcal_mol": 0.8247856645125892,
      "eval_R2_DeltaG_ET_gas_molar_kcal_mol": 0.8898900242426127,
      "eval_RMSE": 6.757056713104248,
      "eval_RMSE_DeltaG_EP_gas_molar_kcal_mol": 6.69746732711792,
      "eval_RMSE_DeltaG_ET_gas_molar_kcal_mol": 6.816645622253418,
      "eval_loss": 0.126869797706604,
      "eval_runtime": 0.392,
      "eval_samples_per_second": 1505.052,
      "eval_scaled_MAE": 0.1811636984348297,
      "eval_scaled_MSE_loss": 0.126869797706604,
      "eval_scaled_R2": 0.8573378409623624,
      "eval_scaled_RMSE": 0.35497239232063293,
      "eval_steps_per_second": 94.385,
      "step": 6908
    },
    {
      "epoch": 12.0,
      "learning_rate": 7.010887996847103e-05,
      "loss": 0.056,
      "step": 7536
    },
    {
      "epoch": 12.0,
      "eval_MAE": 3.3799381256103516,
      "eval_MAE_DeltaG_EP_gas_molar_kcal_mol": 3.5407581329345703,
      "eval_MAE_DeltaG_ET_gas_molar_kcal_mol": 3.2191171646118164,
      "eval_R2": 0.8585224400165752,
      "eval_R2_DeltaG_EP_gas_molar_kcal_mol": 0.8125175724927157,
      "eval_R2_DeltaG_ET_gas_molar_kcal_mol": 0.9045273075657382,
      "eval_RMSE": 6.637692928314209,
      "eval_RMSE_DeltaG_EP_gas_molar_kcal_mol": 6.927971363067627,
      "eval_RMSE_DeltaG_ET_gas_molar_kcal_mol": 6.347416400909424,
      "eval_loss": 0.12499680370092392,
      "eval_runtime": 0.3741,
      "eval_samples_per_second": 1577.327,
      "eval_scaled_MAE": 0.17847803235054016,
      "eval_scaled_MSE_loss": 0.12499680370092392,
      "eval_scaled_R2": 0.8585224381567051,
      "eval_scaled_RMSE": 0.3503813147544861,
      "eval_steps_per_second": 98.917,
      "step": 7536
    },
    {
      "epoch": 13.0,
      "learning_rate": 6.495086713981067e-05,
      "loss": 0.0518,
      "step": 8164
    },
    {
      "epoch": 13.0,
      "eval_MAE": 3.704808235168457,
      "eval_MAE_DeltaG_EP_gas_molar_kcal_mol": 3.4277734756469727,
      "eval_MAE_DeltaG_ET_gas_molar_kcal_mol": 3.981841802597046,
      "eval_R2": 0.8597716225374323,
      "eval_R2_DeltaG_EP_gas_molar_kcal_mol": 0.8470947639522164,
      "eval_R2_DeltaG_ET_gas_molar_kcal_mol": 0.8724484811564537,
      "eval_RMSE": 6.796634197235107,
      "eval_RMSE_DeltaG_EP_gas_molar_kcal_mol": 6.256579399108887,
      "eval_RMSE_DeltaG_ET_gas_molar_kcal_mol": 7.336690902709961,
      "eval_loss": 0.12585920095443726,
      "eval_runtime": 0.3925,
      "eval_samples_per_second": 1503.31,
      "eval_scaled_MAE": 0.19345024228096008,
      "eval_scaled_MSE_loss": 0.12585921585559845,
      "eval_scaled_R2": 0.8597716177992138,
      "eval_scaled_RMSE": 0.3547399640083313,
      "eval_steps_per_second": 94.275,
      "step": 8164
    },
    {
      "epoch": 14.0,
      "learning_rate": 5.961137103705436e-05,
      "loss": 0.0462,
      "step": 8792
    },
    {
      "epoch": 14.0,
      "eval_MAE": 3.3829727172851562,
      "eval_MAE_DeltaG_EP_gas_molar_kcal_mol": 3.481732130050659,
      "eval_MAE_DeltaG_ET_gas_molar_kcal_mol": 3.284214496612549,
      "eval_R2": 0.8621791793488516,
      "eval_R2_DeltaG_EP_gas_molar_kcal_mol": 0.8328878905391248,
      "eval_R2_DeltaG_ET_gas_molar_kcal_mol": 0.8914704681873423,
      "eval_RMSE": 6.654165744781494,
      "eval_RMSE_DeltaG_EP_gas_molar_kcal_mol": 6.540782928466797,
      "eval_RMSE_DeltaG_ET_gas_molar_kcal_mol": 6.767548084259033,
      "eval_loss": 0.12269314378499985,
      "eval_runtime": 0.3792,
      "eval_samples_per_second": 1555.939,
      "eval_scaled_MAE": 0.17833885550498962,
      "eval_scaled_MSE_loss": 0.12269314378499985,
      "eval_scaled_R2": 0.8621791777201093,
      "eval_scaled_RMSE": 0.34930384159088135,
      "eval_steps_per_second": 97.576,
      "step": 8792
    },
    {
      "epoch": 15.0,
      "learning_rate": 5.415520590981645e-05,
      "loss": 0.0426,
      "step": 9420
    },
    {
      "epoch": 15.0,
      "eval_MAE": 3.3253941535949707,
      "eval_MAE_DeltaG_EP_gas_molar_kcal_mol": 3.5525333881378174,
      "eval_MAE_DeltaG_ET_gas_molar_kcal_mol": 3.0982553958892822,
      "eval_R2": 0.8711956815011856,
      "eval_R2_DeltaG_EP_gas_molar_kcal_mol": 0.8451676566350381,
      "eval_R2_DeltaG_ET_gas_molar_kcal_mol": 0.8972237063945723,
      "eval_RMSE": 6.440805435180664,
      "eval_RMSE_DeltaG_EP_gas_molar_kcal_mol": 6.295882701873779,
      "eval_RMSE_DeltaG_ET_gas_molar_kcal_mol": 6.585729122161865,
      "eval_loss": 0.11474676430225372,
      "eval_runtime": 0.3869,
      "eval_samples_per_second": 1524.998,
      "eval_scaled_MAE": 0.1759296953678131,
      "eval_scaled_MSE_loss": 0.11474676430225372,
      "eval_scaled_R2": 0.8711956766357862,
      "eval_scaled_RMSE": 0.33793437480926514,
      "eval_steps_per_second": 95.635,
      "step": 9420
    },
    {
      "epoch": 16.0,
      "learning_rate": 4.865737540526868e-05,
      "loss": 0.0394,
      "step": 10048
    },
    {
      "epoch": 16.0,
      "eval_MAE": 3.1895751953125,
      "eval_MAE_DeltaG_EP_gas_molar_kcal_mol": 3.416837453842163,
      "eval_MAE_DeltaG_ET_gas_molar_kcal_mol": 2.962310314178467,
      "eval_R2": 0.8724950952298975,
      "eval_R2_DeltaG_EP_gas_molar_kcal_mol": 0.8356207898435981,
      "eval_R2_DeltaG_ET_gas_molar_kcal_mol": 0.9093694006402172,
      "eval_RMSE": 6.335721015930176,
      "eval_RMSE_DeltaG_EP_gas_molar_kcal_mol": 6.487079620361328,
      "eval_RMSE_DeltaG_ET_gas_molar_kcal_mol": 6.184360980987549,
      "eval_loss": 0.11292574554681778,
      "eval_runtime": 0.3793,
      "eval_samples_per_second": 1555.594,
      "eval_scaled_MAE": 0.16878938674926758,
      "eval_scaled_MSE_loss": 0.11292576044797897,
      "eval_scaled_R2": 0.8724950917031653,
      "eval_scaled_RMSE": 0.3338358402252197,
      "eval_steps_per_second": 97.554,
      "step": 10048
    },
    {
      "epoch": 17.0,
      "learning_rate": 4.317579073489144e-05,
      "loss": 0.0354,
      "step": 10676
    },
    {
      "epoch": 17.0,
      "eval_MAE": 3.391592025756836,
      "eval_MAE_DeltaG_EP_gas_molar_kcal_mol": 3.426802396774292,
      "eval_MAE_DeltaG_ET_gas_molar_kcal_mol": 3.356384038925171,
      "eval_R2": 0.8592174337518625,
      "eval_R2_DeltaG_EP_gas_molar_kcal_mol": 0.8200670584780774,
      "eval_R2_DeltaG_ET_gas_molar_kcal_mol": 0.8983678090525835,
      "eval_RMSE": 6.6680121421813965,
      "eval_RMSE_DeltaG_EP_gas_molar_kcal_mol": 6.787051200866699,
      "eval_RMSE_DeltaG_ET_gas_molar_kcal_mol": 6.548970699310303,
      "eval_loss": 0.1247786208987236,
      "eval_runtime": 0.3858,
      "eval_samples_per_second": 1529.151,
      "eval_scaled_MAE": 0.17848613858222961,
      "eval_scaled_MSE_loss": 0.1247786208987236,
      "eval_scaled_R2": 0.8592174299963382,
      "eval_scaled_RMSE": 0.3511508107185364,
      "eval_steps_per_second": 95.896,
      "step": 10676
    },
    {
      "epoch": 18.0,
      "learning_rate": 3.776826948566339e-05,
      "loss": 0.0321,
      "step": 11304
    },
    {
      "epoch": 18.0,
      "eval_MAE": 3.0983333587646484,
      "eval_MAE_DeltaG_EP_gas_molar_kcal_mol": 3.119802951812744,
      "eval_MAE_DeltaG_ET_gas_molar_kcal_mol": 3.0768649578094482,
      "eval_R2": 0.8660373048889096,
      "eval_R2_DeltaG_EP_gas_molar_kcal_mol": 0.8354062217495735,
      "eval_R2_DeltaG_ET_gas_molar_kcal_mol": 0.8966683880556322,
      "eval_RMSE": 6.54740571975708,
      "eval_RMSE_DeltaG_EP_gas_molar_kcal_mol": 6.491312026977539,
      "eval_RMSE_DeltaG_ET_gas_molar_kcal_mol": 6.603497505187988,
      "eval_loss": 0.11912953108549118,
      "eval_runtime": 0.3804,
      "eval_samples_per_second": 1550.796,
      "eval_scaled_MAE": 0.16300159692764282,
      "eval_scaled_MSE_loss": 0.11912953108549118,
      "eval_scaled_R2": 0.8660372999497797,
      "eval_scaled_RMSE": 0.3439665138721466,
      "eval_steps_per_second": 97.253,
      "step": 11304
    },
    {
      "epoch": 19.0,
      "learning_rate": 3.250922487533812e-05,
      "loss": 0.0287,
      "step": 11932
    },
    {
      "epoch": 19.0,
      "eval_MAE": 2.9342780113220215,
      "eval_MAE_DeltaG_EP_gas_molar_kcal_mol": 2.9519400596618652,
      "eval_MAE_DeltaG_ET_gas_molar_kcal_mol": 2.9166147708892822,
      "eval_R2": 0.8762978419071135,
      "eval_R2_DeltaG_EP_gas_molar_kcal_mol": 0.851464487385117,
      "eval_R2_DeltaG_ET_gas_molar_kcal_mol": 0.9011311964553135,
      "eval_RMSE": 6.312926769256592,
      "eval_RMSE_DeltaG_EP_gas_molar_kcal_mol": 6.166531085968018,
      "eval_RMSE_DeltaG_ET_gas_molar_kcal_mol": 6.459323883056641,
      "eval_loss": 0.11021123081445694,
      "eval_runtime": 0.3715,
      "eval_samples_per_second": 1588.317,
      "eval_scaled_MAE": 0.15435782074928284,
      "eval_scaled_MSE_loss": 0.11021123081445694,
      "eval_scaled_R2": 0.8762978339358308,
      "eval_scaled_RMSE": 0.3312038481235504,
      "eval_steps_per_second": 99.606,
      "step": 11932
    },
    {
      "epoch": 20.0,
      "learning_rate": 2.746249458139436e-05,
      "loss": 0.0275,
      "step": 12560
    },
    {
      "epoch": 20.0,
      "eval_MAE": 3.0997700691223145,
      "eval_MAE_DeltaG_EP_gas_molar_kcal_mol": 3.1204473972320557,
      "eval_MAE_DeltaG_ET_gas_molar_kcal_mol": 3.0790932178497314,
      "eval_R2": 0.8695275724663372,
      "eval_R2_DeltaG_EP_gas_molar_kcal_mol": 0.8431736410990516,
      "eval_R2_DeltaG_ET_gas_molar_kcal_mol": 0.8958815038612176,
      "eval_RMSE": 6.482443809509277,
      "eval_RMSE_DeltaG_EP_gas_molar_kcal_mol": 6.336293697357178,
      "eval_RMSE_DeltaG_ET_gas_molar_kcal_mol": 6.628592491149902,
      "eval_loss": 0.11623349040746689,
      "eval_runtime": 0.3851,
      "eval_samples_per_second": 1532.122,
      "eval_scaled_MAE": 0.16307322680950165,
      "eval_scaled_MSE_loss": 0.11623349040746689,
      "eval_scaled_R2": 0.8695275718577615,
      "eval_scaled_RMSE": 0.34011757373809814,
      "eval_steps_per_second": 96.082,
      "step": 12560
    },
    {
      "epoch": 21.0,
      "learning_rate": 2.2689339073118564e-05,
      "loss": 0.0253,
      "step": 13188
    },
    {
      "epoch": 21.0,
      "eval_MAE": 2.917764186859131,
      "eval_MAE_DeltaG_EP_gas_molar_kcal_mol": 3.0042357444763184,
      "eval_MAE_DeltaG_ET_gas_molar_kcal_mol": 2.831293821334839,
      "eval_R2": 0.8737186324374789,
      "eval_R2_DeltaG_EP_gas_molar_kcal_mol": 0.842431849559878,
      "eval_R2_DeltaG_ET_gas_molar_kcal_mol": 0.9050054153402566,
      "eval_RMSE": 6.34138298034668,
      "eval_RMSE_DeltaG_EP_gas_molar_kcal_mol": 6.351262092590332,
      "eval_RMSE_DeltaG_ET_gas_molar_kcal_mol": 6.331503391265869,
      "eval_loss": 0.11215467005968094,
      "eval_runtime": 0.3829,
      "eval_samples_per_second": 1541.015,
      "eval_scaled_MAE": 0.1538209319114685,
      "eval_scaled_MSE_loss": 0.11215467005968094,
      "eval_scaled_R2": 0.8737186304414891,
      "eval_scaled_RMSE": 0.33345237374305725,
      "eval_steps_per_second": 96.64,
      "step": 13188
    },
    {
      "epoch": 22.0,
      "learning_rate": 1.8247697992493397e-05,
      "loss": 0.023,
      "step": 13816
    },
    {
      "epoch": 22.0,
      "eval_MAE": 2.956739902496338,
      "eval_MAE_DeltaG_EP_gas_molar_kcal_mol": 3.058013916015625,
      "eval_MAE_DeltaG_ET_gas_molar_kcal_mol": 2.855464220046997,
      "eval_R2": 0.8718788278002734,
      "eval_R2_DeltaG_EP_gas_molar_kcal_mol": 0.8401896614105331,
      "eval_R2_DeltaG_ET_gas_molar_kcal_mol": 0.9035679942155713,
      "eval_RMSE": 6.387759208679199,
      "eval_RMSE_DeltaG_EP_gas_molar_kcal_mol": 6.396291255950928,
      "eval_RMSE_DeltaG_ET_gas_molar_kcal_mol": 6.379226207733154,
      "eval_loss": 0.11379185318946838,
      "eval_runtime": 0.3868,
      "eval_samples_per_second": 1525.38,
      "eval_scaled_MAE": 0.15594129264354706,
      "eval_scaled_MSE_loss": 0.11379186064004898,
      "eval_scaled_R2": 0.87187882344205,
      "eval_scaled_RMSE": 0.33588409423828125,
      "eval_steps_per_second": 95.659,
      "step": 13816
    },
    {
      "epoch": 23.0,
      "learning_rate": 1.4191486845431179e-05,
      "loss": 0.0224,
      "step": 14444
    },
    {
      "epoch": 23.0,
      "eval_MAE": 2.961052417755127,
      "eval_MAE_DeltaG_EP_gas_molar_kcal_mol": 3.024970769882202,
      "eval_MAE_DeltaG_ET_gas_molar_kcal_mol": 2.897134780883789,
      "eval_R2": 0.8682136089690966,
      "eval_R2_DeltaG_EP_gas_molar_kcal_mol": 0.8356869945479768,
      "eval_R2_DeltaG_ET_gas_molar_kcal_mol": 0.9007402234165235,
      "eval_RMSE": 6.478928565979004,
      "eval_RMSE_DeltaG_EP_gas_molar_kcal_mol": 6.485773086547852,
      "eval_RMSE_DeltaG_ET_gas_molar_kcal_mol": 6.472082614898682,
      "eval_loss": 0.11705128103494644,
      "eval_runtime": 0.3711,
      "eval_samples_per_second": 1590.01,
      "eval_scaled_MAE": 0.15598824620246887,
      "eval_scaled_MSE_loss": 0.11705128103494644,
      "eval_scaled_R2": 0.8682136072314145,
      "eval_scaled_RMSE": 0.3406693637371063,
      "eval_steps_per_second": 99.713,
      "step": 14444
    },
    {
      "epoch": 24.0,
      "learning_rate": 1.0569942540568023e-05,
      "loss": 0.021,
      "step": 15072
    },
    {
      "epoch": 24.0,
      "eval_MAE": 2.8771257400512695,
      "eval_MAE_DeltaG_EP_gas_molar_kcal_mol": 2.9571187496185303,
      "eval_MAE_DeltaG_ET_gas_molar_kcal_mol": 2.797133684158325,
      "eval_R2": 0.8748155214765369,
      "eval_R2_DeltaG_EP_gas_molar_kcal_mol": 0.8474774093862293,
      "eval_R2_DeltaG_ET_gas_molar_kcal_mol": 0.902153633592777,
      "eval_RMSE": 6.337292194366455,
      "eval_RMSE_DeltaG_EP_gas_molar_kcal_mol": 6.248746395111084,
      "eval_RMSE_DeltaG_ET_gas_molar_kcal_mol": 6.425837993621826,
      "eval_loss": 0.1114000752568245,
      "eval_runtime": 0.3868,
      "eval_samples_per_second": 1525.22,
      "eval_scaled_MAE": 0.15165308117866516,
      "eval_scaled_MSE_loss": 0.1114000752568245,
      "eval_scaled_R2": 0.8748155175635499,
      "eval_scaled_RMSE": 0.3327633738517761,
      "eval_steps_per_second": 95.649,
      "step": 15072
    },
    {
      "epoch": 25.0,
      "learning_rate": 7.42702571989104e-06,
      "loss": 0.0194,
      "step": 15700
    },
    {
      "epoch": 25.0,
      "eval_MAE": 2.888522148132324,
      "eval_MAE_DeltaG_EP_gas_molar_kcal_mol": 2.969287872314453,
      "eval_MAE_DeltaG_ET_gas_molar_kcal_mol": 2.807755947113037,
      "eval_R2": 0.8786756402552536,
      "eval_R2_DeltaG_EP_gas_molar_kcal_mol": 0.8517932652392947,
      "eval_R2_DeltaG_ET_gas_molar_kcal_mol": 0.9055580152962429,
      "eval_RMSE": 6.236382484436035,
      "eval_RMSE_DeltaG_EP_gas_molar_kcal_mol": 6.159702777862549,
      "eval_RMSE_DeltaG_ET_gas_molar_kcal_mol": 6.313060283660889,
      "eval_loss": 0.1079418733716011,
      "eval_runtime": 0.3919,
      "eval_samples_per_second": 1505.362,
      "eval_scaled_MAE": 0.15225592255592346,
      "eval_scaled_MSE_loss": 0.1079418808221817,
      "eval_scaled_R2": 0.8786756380377744,
      "eval_scaled_RMSE": 0.32751503586769104,
      "eval_steps_per_second": 94.404,
      "step": 15700
    }
  ],
  "max_steps": 18840,
  "num_train_epochs": 30,
  "total_flos": 368088625152000.0,
  "trial_name": null,
  "trial_params": null
}
