{
  "best_metric": 0.1447795033454895,
  "best_model_checkpoint": "fine_tune/checkpoint-8792",
  "epoch": 14.0,
  "global_step": 8792,
  "is_hyper_param_search": false,
  "is_local_process_zero": true,
  "is_world_process_zero": true,
  "log_history": [
    {
      "epoch": 1.0,
      "learning_rate": 6.656050955414013e-05,
      "loss": 0.6779,
      "step": 628
    },
    {
      "epoch": 1.0,
      "eval_MAE": 7.47983455657959,
      "eval_MAE_DeltaG_EP_gas_molar_kcal_mol": 6.831275463104248,
      "eval_MAE_DeltaG_ET_gas_molar_kcal_mol": 8.128396034240723,
      "eval_R2": 0.695979264944198,
      "eval_R2_DeltaG_EP_gas_molar_kcal_mol": 0.689358621583601,
      "eval_R2_DeltaG_ET_gas_molar_kcal_mol": 0.702599908747491,
      "eval_RMSE": 10.561177253723145,
      "eval_RMSE_DeltaG_EP_gas_molar_kcal_mol": 9.64163589477539,
      "eval_RMSE_DeltaG_ET_gas_molar_kcal_mol": 11.480722427368164,
      "eval_loss": 0.3103148341178894,
      "eval_runtime": 0.4495,
      "eval_samples_per_second": 1312.656,
      "eval_scaled_MAE": 0.3945175111293793,
      "eval_scaled_MSE_loss": 0.3103148341178894,
      "eval_scaled_R2": 0.6959792628529963,
      "eval_scaled_RMSE": 0.5570202469825745,
      "eval_steps_per_second": 82.319,
      "step": 628
    },
    {
      "epoch": 2.0,
      "learning_rate": 9.99245585236519e-05,
      "loss": 0.2468,
      "step": 1256
    },
    {
      "epoch": 2.0,
      "eval_MAE": 6.144853591918945,
      "eval_MAE_DeltaG_EP_gas_molar_kcal_mol": 5.674018859863281,
      "eval_MAE_DeltaG_ET_gas_molar_kcal_mol": 6.615687847137451,
      "eval_R2": 0.7428335855714295,
      "eval_R2_DeltaG_EP_gas_molar_kcal_mol": 0.7317568048535361,
      "eval_R2_DeltaG_ET_gas_molar_kcal_mol": 0.7539103666556404,
      "eval_RMSE": 9.701508522033691,
      "eval_RMSE_DeltaG_EP_gas_molar_kcal_mol": 8.95953369140625,
      "eval_RMSE_DeltaG_ET_gas_molar_kcal_mol": 10.443482398986816,
      "eval_loss": 0.2625008225440979,
      "eval_runtime": 0.3756,
      "eval_samples_per_second": 1570.894,
      "eval_scaled_MAE": 0.3244306147098541,
      "eval_scaled_MSE_loss": 0.2625008225440979,
      "eval_scaled_R2": 0.7428335840467802,
      "eval_scaled_RMSE": 0.5122190117835999,
      "eval_steps_per_second": 98.514,
      "step": 1256
    },
    {
      "epoch": 3.0,
      "learning_rate": 9.931950895490353e-05,
      "loss": 0.1783,
      "step": 1884
    },
    {
      "epoch": 3.0,
      "eval_MAE": 4.722362995147705,
      "eval_MAE_DeltaG_EP_gas_molar_kcal_mol": 4.467055797576904,
      "eval_MAE_DeltaG_ET_gas_molar_kcal_mol": 4.977673053741455,
      "eval_R2": 0.8083621928846086,
      "eval_R2_DeltaG_EP_gas_molar_kcal_mol": 0.7923835262444916,
      "eval_R2_DeltaG_ET_gas_molar_kcal_mol": 0.8243408597862036,
      "eval_RMSE": 8.352819442749023,
      "eval_RMSE_DeltaG_EP_gas_molar_kcal_mol": 7.88228178024292,
      "eval_RMSE_DeltaG_ET_gas_molar_kcal_mol": 8.823360443115234,
      "eval_loss": 0.19562752544879913,
      "eval_runtime": 0.3795,
      "eval_samples_per_second": 1554.584,
      "eval_scaled_MAE": 0.24988722801208496,
      "eval_scaled_MSE_loss": 0.19562752544879913,
      "eval_scaled_R2": 0.8083621966257686,
      "eval_scaled_RMSE": 0.44189560413360596,
      "eval_steps_per_second": 97.491,
      "step": 1884
    },
    {
      "epoch": 4.0,
      "learning_rate": 9.811578735742e-05,
      "loss": 0.1371,
      "step": 2512
    },
    {
      "epoch": 4.0,
      "eval_MAE": 4.7646942138671875,
      "eval_MAE_DeltaG_EP_gas_molar_kcal_mol": 4.601779937744141,
      "eval_MAE_DeltaG_ET_gas_molar_kcal_mol": 4.92760705947876,
      "eval_R2": 0.7995777343103461,
      "eval_R2_DeltaG_EP_gas_molar_kcal_mol": 0.7687544019790788,
      "eval_R2_DeltaG_ET_gas_molar_kcal_mol": 0.8304010668940704,
      "eval_RMSE": 8.494281768798828,
      "eval_RMSE_DeltaG_EP_gas_molar_kcal_mol": 8.318744659423828,
      "eval_RMSE_DeltaG_ET_gas_molar_kcal_mol": 8.66982364654541,
      "eval_loss": 0.20462149381637573,
      "eval_runtime": 0.3725,
      "eval_samples_per_second": 1584.068,
      "eval_scaled_MAE": 0.2526244819164276,
      "eval_scaled_MSE_loss": 0.20462147891521454,
      "eval_scaled_R2": 0.7995777382253708,
      "eval_scaled_RMSE": 0.4509715437889099,
      "eval_steps_per_second": 99.34,
      "step": 2512
    },
    {
      "epoch": 5.0,
      "learning_rate": 9.632800528079024e-05,
      "loss": 0.1215,
      "step": 3140
    },
    {
      "epoch": 5.0,
      "eval_MAE": 4.332797050476074,
      "eval_MAE_DeltaG_EP_gas_molar_kcal_mol": 4.125948429107666,
      "eval_MAE_DeltaG_ET_gas_molar_kcal_mol": 4.539647579193115,
      "eval_R2": 0.8424881570061701,
      "eval_R2_DeltaG_EP_gas_molar_kcal_mol": 0.8207918703518506,
      "eval_R2_DeltaG_ET_gas_molar_kcal_mol": 0.8641844438626582,
      "eval_RMSE": 7.540802001953125,
      "eval_RMSE_DeltaG_EP_gas_molar_kcal_mol": 7.323183059692383,
      "eval_RMSE_DeltaG_ET_gas_molar_kcal_mol": 7.7584228515625,
      "eval_loss": 0.16080723702907562,
      "eval_runtime": 0.3795,
      "eval_samples_per_second": 1554.542,
      "eval_scaled_MAE": 0.22941690683364868,
      "eval_scaled_MSE_loss": 0.16080723702907562,
      "eval_scaled_R2": 0.8424881563934729,
      "eval_scaled_RMSE": 0.40002554655075073,
      "eval_steps_per_second": 97.488,
      "step": 3140
    },
    {
      "epoch": 6.0,
      "learning_rate": 9.397786397763077e-05,
      "loss": 0.1068,
      "step": 3768
    },
    {
      "epoch": 6.0,
      "eval_MAE": 4.122902870178223,
      "eval_MAE_DeltaG_EP_gas_molar_kcal_mol": 3.9766619205474854,
      "eval_MAE_DeltaG_ET_gas_molar_kcal_mol": 4.269147872924805,
      "eval_R2": 0.8335552453544335,
      "eval_R2_DeltaG_EP_gas_molar_kcal_mol": 0.8061521811361101,
      "eval_R2_DeltaG_ET_gas_molar_kcal_mol": 0.8609583097797278,
      "eval_RMSE": 7.733227729797363,
      "eval_RMSE_DeltaG_EP_gas_molar_kcal_mol": 7.616430759429932,
      "eval_RMSE_DeltaG_ET_gas_molar_kcal_mol": 7.850027561187744,
      "eval_loss": 0.16993550956249237,
      "eval_runtime": 0.373,
      "eval_samples_per_second": 1581.62,
      "eval_scaled_MAE": 0.2185690999031067,
      "eval_scaled_MSE_loss": 0.16993547976016998,
      "eval_scaled_R2": 0.8335552462689206,
      "eval_scaled_RMSE": 0.41079235076904297,
      "eval_steps_per_second": 99.186,
      "step": 3768
    },
    {
      "epoch": 7.0,
      "learning_rate": 9.109389097977617e-05,
      "loss": 0.0962,
      "step": 4396
    },
    {
      "epoch": 7.0,
      "eval_MAE": 4.3046464920043945,
      "eval_MAE_DeltaG_EP_gas_molar_kcal_mol": 3.8871490955352783,
      "eval_MAE_DeltaG_ET_gas_molar_kcal_mol": 4.722144603729248,
      "eval_R2": 0.8401207093790646,
      "eval_R2_DeltaG_EP_gas_molar_kcal_mol": 0.8200453510006913,
      "eval_R2_DeltaG_ET_gas_molar_kcal_mol": 0.8601960679655433,
      "eval_RMSE": 7.6049675941467285,
      "eval_RMSE_DeltaG_EP_gas_molar_kcal_mol": 7.338420391082764,
      "eval_RMSE_DeltaG_ET_gas_molar_kcal_mol": 7.87151575088501,
      "eval_loss": 0.16322055459022522,
      "eval_runtime": 0.3635,
      "eval_samples_per_second": 1623.004,
      "eval_scaled_MAE": 0.22681233286857605,
      "eval_scaled_MSE_loss": 0.16322055459022522,
      "eval_scaled_R2": 0.8401207079312178,
      "eval_scaled_RMSE": 0.4031819701194763,
      "eval_steps_per_second": 101.782,
      "step": 4396
    },
    {
      "epoch": 8.0,
      "learning_rate": 8.771109381268703e-05,
      "loss": 0.0859,
      "step": 5024
    },
    {
      "epoch": 8.0,
      "eval_MAE": 3.8549818992614746,
      "eval_MAE_DeltaG_EP_gas_molar_kcal_mol": 3.869420051574707,
      "eval_MAE_DeltaG_ET_gas_molar_kcal_mol": 3.840543508529663,
      "eval_R2": 0.8531401378818284,
      "eval_R2_DeltaG_EP_gas_molar_kcal_mol": 0.826183648885186,
      "eval_R2_DeltaG_ET_gas_molar_kcal_mol": 0.8800966270569532,
      "eval_RMSE": 7.250977993011475,
      "eval_RMSE_DeltaG_EP_gas_molar_kcal_mol": 7.212176322937012,
      "eval_RMSE_DeltaG_ET_gas_molar_kcal_mol": 7.2897796630859375,
      "eval_loss": 0.14994511008262634,
      "eval_runtime": 0.3678,
      "eval_samples_per_second": 1603.92,
      "eval_scaled_MAE": 0.20516018569469452,
      "eval_scaled_MSE_loss": 0.14994511008262634,
      "eval_scaled_R2": 0.8531401400273786,
      "eval_scaled_RMSE": 0.3855465054512024,
      "eval_steps_per_second": 100.585,
      "step": 5024
    },
    {
      "epoch": 9.0,
      "learning_rate": 8.387699047819074e-05,
      "loss": 0.0787,
      "step": 5652
    },
    {
      "epoch": 9.0,
      "eval_MAE": 4.315952301025391,
      "eval_MAE_DeltaG_EP_gas_molar_kcal_mol": 4.327948093414307,
      "eval_MAE_DeltaG_ET_gas_molar_kcal_mol": 4.303959369659424,
      "eval_R2": 0.8357923390669051,
      "eval_R2_DeltaG_EP_gas_molar_kcal_mol": 0.8043660214933741,
      "eval_R2_DeltaG_ET_gas_molar_kcal_mol": 0.8672186568380882,
      "eval_RMSE": 7.661355495452881,
      "eval_RMSE_DeltaG_EP_gas_molar_kcal_mol": 7.651440143585205,
      "eval_RMSE_DeltaG_ET_gas_molar_kcal_mol": 7.671268939971924,
      "eval_loss": 0.16765977442264557,
      "eval_runtime": 0.374,
      "eval_samples_per_second": 1577.674,
      "eval_scaled_MAE": 0.22967083752155304,
      "eval_scaled_MSE_loss": 0.16765977442264557,
      "eval_scaled_R2": 0.8357923398141632,
      "eval_scaled_RMSE": 0.40753042697906494,
      "eval_steps_per_second": 98.939,
      "step": 5652
    },
    {
      "epoch": 10.0,
      "learning_rate": 7.962590420831068e-05,
      "loss": 0.071,
      "step": 6280
    },
    {
      "epoch": 10.0,
      "eval_MAE": 3.8218085765838623,
      "eval_MAE_DeltaG_EP_gas_molar_kcal_mol": 3.797177791595459,
      "eval_MAE_DeltaG_ET_gas_molar_kcal_mol": 3.846437931060791,
      "eval_R2": 0.8442826479582191,
      "eval_R2_DeltaG_EP_gas_molar_kcal_mol": 0.8172960288305188,
      "eval_R2_DeltaG_ET_gas_molar_kcal_mol": 0.8712692672775418,
      "eval_RMSE": 7.473808765411377,
      "eval_RMSE_DeltaG_EP_gas_molar_kcal_mol": 7.394265651702881,
      "eval_RMSE_DeltaG_ET_gas_molar_kcal_mol": 7.553353309631348,
      "eval_loss": 0.1589856594800949,
      "eval_runtime": 0.3787,
      "eval_samples_per_second": 1557.947,
      "eval_scaled_MAE": 0.20318999886512756,
      "eval_scaled_MSE_loss": 0.1589856594800949,
      "eval_scaled_R2": 0.8442826507029206,
      "eval_scaled_RMSE": 0.3971870243549347,
      "eval_steps_per_second": 97.702,
      "step": 6280
    },
    {
      "epoch": 11.0,
      "learning_rate": 7.50151995936551e-05,
      "loss": 0.0652,
      "step": 6908
    },
    {
      "epoch": 11.0,
      "eval_MAE": 3.7521729469299316,
      "eval_MAE_DeltaG_EP_gas_molar_kcal_mol": 3.7172491550445557,
      "eval_MAE_DeltaG_ET_gas_molar_kcal_mol": 3.7870969772338867,
      "eval_R2": 0.8549692626166016,
      "eval_R2_DeltaG_EP_gas_molar_kcal_mol": 0.8377355056801861,
      "eval_R2_DeltaG_ET_gas_molar_kcal_mol": 0.8722030197432495,
      "eval_RMSE": 7.247150897979736,
      "eval_RMSE_DeltaG_EP_gas_molar_kcal_mol": 6.968395709991455,
      "eval_RMSE_DeltaG_ET_gas_molar_kcal_mol": 7.525909423828125,
      "eval_loss": 0.14805985987186432,
      "eval_runtime": 0.3691,
      "eval_samples_per_second": 1598.44,
      "eval_scaled_MAE": 0.19943127036094666,
      "eval_scaled_MSE_loss": 0.14805984497070312,
      "eval_scaled_R2": 0.8549692628523802,
      "eval_scaled_RMSE": 0.3840821385383606,
      "eval_steps_per_second": 100.241,
      "step": 6908
    },
    {
      "epoch": 12.0,
      "learning_rate": 7.010084434241995e-05,
      "loss": 0.0581,
      "step": 7536
    },
    {
      "epoch": 12.0,
      "eval_MAE": 3.785844326019287,
      "eval_MAE_DeltaG_EP_gas_molar_kcal_mol": 3.573974609375,
      "eval_MAE_DeltaG_ET_gas_molar_kcal_mol": 3.9977126121520996,
      "eval_R2": 0.8408355490791233,
      "eval_R2_DeltaG_EP_gas_molar_kcal_mol": 0.8245509014667676,
      "eval_R2_DeltaG_ET_gas_molar_kcal_mol": 0.8571201969041631,
      "eval_RMSE": 7.601804733276367,
      "eval_RMSE_DeltaG_EP_gas_molar_kcal_mol": 7.245971202850342,
      "eval_RMSE_DeltaG_ET_gas_molar_kcal_mol": 7.957636833190918,
      "eval_loss": 0.1624837964773178,
      "eval_runtime": 0.3741,
      "eval_samples_per_second": 1577.12,
      "eval_scaled_MAE": 0.20029273629188538,
      "eval_scaled_MSE_loss": 0.1624837964773178,
      "eval_scaled_R2": 0.8408355487584824,
      "eval_scaled_RMSE": 0.40254440903663635,
      "eval_steps_per_second": 98.904,
      "step": 7536
    },
    {
      "epoch": 13.0,
      "learning_rate": 6.494249207019317e-05,
      "loss": 0.051,
      "step": 8164
    },
    {
      "epoch": 13.0,
      "eval_MAE": 3.7065625190734863,
      "eval_MAE_DeltaG_EP_gas_molar_kcal_mol": 3.5338640213012695,
      "eval_MAE_DeltaG_ET_gas_molar_kcal_mol": 3.8792595863342285,
      "eval_R2": 0.8542599393665877,
      "eval_R2_DeltaG_EP_gas_molar_kcal_mol": 0.8379251505993257,
      "eval_R2_DeltaG_ET_gas_molar_kcal_mol": 0.8705947283264764,
      "eval_RMSE": 7.268718242645264,
      "eval_RMSE_DeltaG_EP_gas_molar_kcal_mol": 6.964322566986084,
      "eval_RMSE_DeltaG_ET_gas_molar_kcal_mol": 7.573116302490234,
      "eval_loss": 0.1487821340560913,
      "eval_runtime": 0.3592,
      "eval_samples_per_second": 1642.683,
      "eval_scaled_MAE": 0.1962808519601822,
      "eval_scaled_MSE_loss": 0.1487821340560913,
      "eval_scaled_R2": 0.8542599431601083,
      "eval_scaled_RMSE": 0.38509470224380493,
      "eval_steps_per_second": 103.016,
      "step": 8164
    },
    {
      "epoch": 14.0,
      "learning_rate": 5.961137103705436e-05,
      "loss": 0.048,
      "step": 8792
    },
    {
      "epoch": 14.0,
      "eval_MAE": 3.5878469944000244,
      "eval_MAE_DeltaG_EP_gas_molar_kcal_mol": 3.5248000621795654,
      "eval_MAE_DeltaG_ET_gas_molar_kcal_mol": 3.650893449783325,
      "eval_R2": 0.858196768281309,
      "eval_R2_DeltaG_EP_gas_molar_kcal_mol": 0.8336146802819158,
      "eval_R2_DeltaG_ET_gas_molar_kcal_mol": 0.8827788564551919,
      "eval_RMSE": 7.132053375244141,
      "eval_RMSE_DeltaG_EP_gas_molar_kcal_mol": 7.056324481964111,
      "eval_RMSE_DeltaG_ET_gas_molar_kcal_mol": 7.20778226852417,
      "eval_loss": 0.1447795033454895,
      "eval_runtime": 0.3724,
      "eval_samples_per_second": 1584.184,
      "eval_scaled_MAE": 0.19054141640663147,
      "eval_scaled_MSE_loss": 0.1447795033454895,
      "eval_scaled_R2": 0.8581967677986707,
      "eval_scaled_RMSE": 0.3790256977081299,
      "eval_steps_per_second": 99.347,
      "step": 8792
    }
  ],
  "max_steps": 18840,
  "num_train_epochs": 30,
  "total_flos": 206129630085120.0,
  "trial_name": null,
  "trial_params": null
}
