{
  "best_metric": 0.40475136041641235,
  "best_model_checkpoint": "fine_tune/checkpoint-1830",
  "epoch": 15.0,
  "global_step": 1830,
  "is_hyper_param_search": false,
  "is_local_process_zero": true,
  "is_world_process_zero": true,
  "log_history": [
    {
      "epoch": 1.0,
      "learning_rate": 6.666666666666667e-05,
      "loss": 0.8841,
      "step": 122
    },
    {
      "epoch": 1.0,
      "eval_MAE": 20.519193649291992,
      "eval_MAE_dE0": 20.328893661499023,
      "eval_MAE_dH0": 20.709484100341797,
      "eval_R2": 0.33551933163535264,
      "eval_R2_dE0": 0.22291822118405535,
      "eval_R2_dH0": 0.4481204420866499,
      "eval_RMSE": 26.68881607055664,
      "eval_RMSE_dE0": 26.173322677612305,
      "eval_RMSE_dH0": 27.204309463500977,
      "eval_loss": 0.7484279274940491,
      "eval_runtime": 0.2734,
      "eval_samples_per_second": 416.941,
      "eval_scaled_MAE": 0.6606137156486511,
      "eval_scaled_MSE_loss": 0.7484278678894043,
      "eval_scaled_R2": 0.33551933379721566,
      "eval_scaled_RMSE": 0.857962429523468,
      "eval_steps_per_second": 29.259,
      "step": 122
    },
    {
      "epoch": 2.0,
      "learning_rate": 9.992407582166581e-05,
      "loss": 0.5023,
      "step": 244
    },
    {
      "epoch": 2.0,
      "eval_MAE": 16.771772384643555,
      "eval_MAE_dE0": 19.10663414001465,
      "eval_MAE_dH0": 14.436907768249512,
      "eval_R2": 0.4930863177000684,
      "eval_R2_dE0": 0.23798871378312603,
      "eval_R2_dH0": 0.7481839216170107,
      "eval_RMSE": 22.14727210998535,
      "eval_RMSE_dE0": 25.91827964782715,
      "eval_RMSE_dH0": 18.376266479492188,
      "eval_loss": 0.5876535773277283,
      "eval_runtime": 0.1731,
      "eval_samples_per_second": 658.53,
      "eval_scaled_MAE": 0.5518773198127747,
      "eval_scaled_MSE_loss": 0.587653636932373,
      "eval_scaled_R2": 0.49308631934201214,
      "eval_scaled_RMSE": 0.7320486307144165,
      "eval_steps_per_second": 46.213,
      "step": 244
    },
    {
      "epoch": 3.0,
      "learning_rate": 9.931806517013612e-05,
      "loss": 0.355,
      "step": 366
    },
    {
      "epoch": 3.0,
      "eval_MAE": 15.561894416809082,
      "eval_MAE_dE0": 18.838016510009766,
      "eval_MAE_dH0": 12.285767555236816,
      "eval_R2": 0.5350963755708806,
      "eval_R2_dE0": 0.263030009133843,
      "eval_R2_dH0": 0.8071627420079182,
      "eval_RMSE": 20.784893035888672,
      "eval_RMSE_dE0": 25.488859176635742,
      "eval_RMSE_dH0": 16.08092498779297,
      "eval_loss": 0.5427135825157166,
      "eval_runtime": 0.1686,
      "eval_samples_per_second": 675.962,
      "eval_scaled_MAE": 0.5173737406730652,
      "eval_scaled_MSE_loss": 0.5427135825157166,
      "eval_scaled_R2": 0.535096384187616,
      "eval_scaled_RMSE": 0.6925888061523438,
      "eval_steps_per_second": 47.436,
      "step": 366
    },
    {
      "epoch": 4.0,
      "learning_rate": 9.811340001546251e-05,
      "loss": 0.2857,
      "step": 488
    },
    {
      "epoch": 4.0,
      "eval_MAE": 14.941139221191406,
      "eval_MAE_dE0": 17.638837814331055,
      "eval_MAE_dH0": 12.243440628051758,
      "eval_R2": 0.5723805246525118,
      "eval_R2_dE0": 0.32454139813411065,
      "eval_R2_dH0": 0.820219651170913,
      "eval_RMSE": 19.96446990966797,
      "eval_RMSE_dE0": 24.401968002319336,
      "eval_RMSE_dH0": 15.526968002319336,
      "eval_loss": 0.49895161390304565,
      "eval_runtime": 0.164,
      "eval_samples_per_second": 695.214,
      "eval_scaled_MAE": 0.494594544172287,
      "eval_scaled_MSE_loss": 0.4989515542984009,
      "eval_scaled_R2": 0.5723805183731154,
      "eval_scaled_RMSE": 0.6648644208908081,
      "eval_steps_per_second": 48.787,
      "step": 488
    },
    {
      "epoch": 5.0,
      "learning_rate": 9.632470336074009e-05,
      "loss": 0.2237,
      "step": 610
    },
    {
      "epoch": 5.0,
      "eval_MAE": 14.32082748413086,
      "eval_MAE_dE0": 16.288766860961914,
      "eval_MAE_dH0": 12.352888107299805,
      "eval_R2": 0.5836423613446317,
      "eval_R2_dE0": 0.3465300767735907,
      "eval_R2_dH0": 0.8207546459156726,
      "eval_RMSE": 19.752670288085938,
      "eval_RMSE_dE0": 24.001497268676758,
      "eval_RMSE_dH0": 15.5038480758667,
      "eval_loss": 0.4853965938091278,
      "eval_runtime": 0.1767,
      "eval_samples_per_second": 645.305,
      "eval_scaled_MAE": 0.4711056351661682,
      "eval_scaled_MSE_loss": 0.48539668321609497,
      "eval_scaled_R2": 0.5836423591623197,
      "eval_scaled_RMSE": 0.6571336984634399,
      "eval_steps_per_second": 45.285,
      "step": 610
    },
    {
      "epoch": 6.0,
      "learning_rate": 9.397368756032445e-05,
      "loss": 0.1746,
      "step": 732
    },
    {
      "epoch": 6.0,
      "eval_MAE": 13.717119216918945,
      "eval_MAE_dE0": 15.618833541870117,
      "eval_MAE_dH0": 11.815400123596191,
      "eval_R2": 0.5935212033598702,
      "eval_R2_dE0": 0.36668064178851056,
      "eval_R2_dH0": 0.8203617649312298,
      "eval_RMSE": 19.574684143066406,
      "eval_RMSE_dE0": 23.6285400390625,
      "eval_RMSE_dH0": 15.520829200744629,
      "eval_loss": 0.473421186208725,
      "eval_runtime": 0.1581,
      "eval_samples_per_second": 721.256,
      "eval_scaled_MAE": 0.4513256549835205,
      "eval_scaled_MSE_loss": 0.47342121601104736,
      "eval_scaled_R2": 0.5935212052004274,
      "eval_scaled_RMSE": 0.6504629850387573,
      "eval_steps_per_second": 50.614,
      "step": 732
    },
    {
      "epoch": 7.0,
      "learning_rate": 9.108889076126226e-05,
      "loss": 0.1523,
      "step": 854
    },
    {
      "epoch": 7.0,
      "eval_MAE": 12.744037628173828,
      "eval_MAE_dE0": 15.371293067932129,
      "eval_MAE_dH0": 10.116781234741211,
      "eval_R2": 0.6157506575993549,
      "eval_R2_dE0": 0.36315653412110516,
      "eval_R2_dH0": 0.8683447810776046,
      "eval_RMSE": 18.490711212158203,
      "eval_RMSE_dE0": 23.694189071655273,
      "eval_RMSE_dH0": 13.28723430633545,
      "eval_loss": 0.45129692554473877,
      "eval_runtime": 0.1717,
      "eval_samples_per_second": 664.031,
      "eval_scaled_MAE": 0.42342454195022583,
      "eval_scaled_MSE_loss": 0.45129692554473877,
      "eval_scaled_R2": 0.6157506600504776,
      "eval_scaled_RMSE": 0.621015191078186,
      "eval_steps_per_second": 46.599,
      "step": 854
    },
    {
      "epoch": 8.0,
      "learning_rate": 8.770533048884482e-05,
      "loss": 0.1287,
      "step": 976
    },
    {
      "epoch": 8.0,
      "eval_MAE": 13.04633617401123,
      "eval_MAE_dE0": 15.563371658325195,
      "eval_MAE_dH0": 10.529296875,
      "eval_R2": 0.6176776174091277,
      "eval_R2_dE0": 0.37099252161723806,
      "eval_R2_dH0": 0.8643627132010174,
      "eval_RMSE": 18.517322540283203,
      "eval_RMSE_dE0": 23.54796600341797,
      "eval_RMSE_dH0": 13.486681938171387,
      "eval_loss": 0.44857561588287354,
      "eval_runtime": 0.1622,
      "eval_samples_per_second": 702.844,
      "eval_scaled_MAE": 0.4326432943344116,
      "eval_scaled_MSE_loss": 0.44857558608055115,
      "eval_scaled_R2": 0.617677605566014,
      "eval_scaled_RMSE": 0.6210464239120483,
      "eval_steps_per_second": 49.322,
      "step": 976
    },
    {
      "epoch": 9.0,
      "learning_rate": 8.386407858128706e-05,
      "loss": 0.1063,
      "step": 1098
    },
    {
      "epoch": 9.0,
      "eval_MAE": 12.823980331420898,
      "eval_MAE_dE0": 15.113395690917969,
      "eval_MAE_dH0": 10.534564018249512,
      "eval_R2": 0.6232238639271914,
      "eval_R2_dE0": 0.384308723477258,
      "eval_R2_dH0": 0.8621390043771249,
      "eval_RMSE": 18.447080612182617,
      "eval_RMSE_dE0": 23.297374725341797,
      "eval_RMSE_dH0": 13.596785545349121,
      "eval_loss": 0.4416545629501343,
      "eval_runtime": 0.1489,
      "eval_samples_per_second": 765.59,
      "eval_scaled_MAE": 0.4243859648704529,
      "eval_scaled_MSE_loss": 0.4416545331478119,
      "eval_scaled_R2": 0.6232238656482183,
      "eval_scaled_RMSE": 0.617919385433197,
      "eval_steps_per_second": 53.726,
      "step": 1098
    },
    {
      "epoch": 10.0,
      "learning_rate": 7.961176263324901e-05,
      "loss": 0.0904,
      "step": 1220
    },
    {
      "epoch": 10.0,
      "eval_MAE": 12.580205917358398,
      "eval_MAE_dE0": 15.644686698913574,
      "eval_MAE_dH0": 9.51572322845459,
      "eval_R2": 0.6269280776131558,
      "eval_R2_dE0": 0.36421194961972236,
      "eval_R2_dH0": 0.8896442056065894,
      "eval_RMSE": 17.919788360595703,
      "eval_RMSE_dE0": 23.67454719543457,
      "eval_RMSE_dH0": 12.165027618408203,
      "eval_loss": 0.43989336490631104,
      "eval_runtime": 0.1738,
      "eval_samples_per_second": 655.806,
      "eval_scaled_MAE": 0.42023396492004395,
      "eval_scaled_MSE_loss": 0.43989336490631104,
      "eval_scaled_R2": 0.626928067318235,
      "eval_scaled_RMSE": 0.6052459478378296,
      "eval_steps_per_second": 46.021,
      "step": 1220
    },
    {
      "epoch": 11.0,
      "learning_rate": 7.500000000000001e-05,
      "loss": 0.0819,
      "step": 1342
    },
    {
      "epoch": 11.0,
      "eval_MAE": 11.94083309173584,
      "eval_MAE_dE0": 14.746931076049805,
      "eval_MAE_dH0": 9.13473892211914,
      "eval_R2": 0.6441449430330687,
      "eval_R2_dE0": 0.3965657879580796,
      "eval_R2_dH0": 0.8917240981080577,
      "eval_RMSE": 17.55707550048828,
      "eval_RMSE_dE0": 23.064308166503906,
      "eval_RMSE_dH0": 12.049844741821289,
      "eval_loss": 0.41929545998573303,
      "eval_runtime": 0.1742,
      "eval_samples_per_second": 654.588,
      "eval_scaled_MAE": 0.39838528633117676,
      "eval_scaled_MSE_loss": 0.41929543018341064,
      "eval_scaled_R2": 0.6441449335247498,
      "eval_scaled_RMSE": 0.5923684239387512,
      "eval_steps_per_second": 45.936,
      "step": 1342
    },
    {
      "epoch": 12.0,
      "learning_rate": 7.008477123264848e-05,
      "loss": 0.0672,
      "step": 1464
    },
    {
      "epoch": 12.0,
      "eval_MAE": 11.791829109191895,
      "eval_MAE_dE0": 14.748048782348633,
      "eval_MAE_dH0": 8.835612297058105,
      "eval_R2": 0.6391174130040698,
      "eval_R2_dE0": 0.38087931291629773,
      "eval_R2_dH0": 0.8973555130918417,
      "eval_RMSE": 17.547237396240234,
      "eval_RMSE_dE0": 23.362167358398438,
      "eval_RMSE_dH0": 11.732305526733398,
      "eval_loss": 0.42592597007751465,
      "eval_runtime": 0.1649,
      "eval_samples_per_second": 691.422,
      "eval_scaled_MAE": 0.39429956674575806,
      "eval_scaled_MSE_loss": 0.42592597007751465,
      "eval_scaled_R2": 0.6391173908091594,
      "eval_scaled_RMSE": 0.5935229063034058,
      "eval_steps_per_second": 48.521,
      "step": 1464
    },
    {
      "epoch": 13.0,
      "learning_rate": 6.492574055008473e-05,
      "loss": 0.0647,
      "step": 1586
    },
    {
      "epoch": 13.0,
      "eval_MAE": 12.447612762451172,
      "eval_MAE_dE0": 14.599386215209961,
      "eval_MAE_dH0": 10.295839309692383,
      "eval_R2": 0.626280669650132,
      "eval_R2_dE0": 0.38469964676200463,
      "eval_R2_dH0": 0.8678616925382593,
      "eval_RMSE": 18.300785064697266,
      "eval_RMSE_dE0": 23.28997802734375,
      "eval_RMSE_dH0": 13.311588287353516,
      "eval_loss": 0.43852585554122925,
      "eval_runtime": 0.1565,
      "eval_samples_per_second": 728.665,
      "eval_scaled_MAE": 0.41159385442733765,
      "eval_scaled_MSE_loss": 0.4385257661342621,
      "eval_scaled_R2": 0.6262806632607167,
      "eval_scaled_RMSE": 0.6138672828674316,
      "eval_steps_per_second": 51.134,
      "step": 1586
    },
    {
      "epoch": 14.0,
      "learning_rate": 5.958553159618693e-05,
      "loss": 0.0563,
      "step": 1708
    },
    {
      "epoch": 14.0,
      "eval_MAE": 12.500324249267578,
      "eval_MAE_dE0": 14.95528793334961,
      "eval_MAE_dH0": 10.045366287231445,
      "eval_R2": 0.6359545770312356,
      "eval_R2_dE0": 0.3961519585248495,
      "eval_R2_dH0": 0.8757571955376217,
      "eval_RMSE": 17.989994049072266,
      "eval_RMSE_dE0": 23.07221794128418,
      "eval_RMSE_dH0": 12.907768249511719,
      "eval_loss": 0.42761602997779846,
      "eval_runtime": 0.1576,
      "eval_samples_per_second": 723.474,
      "eval_scaled_MAE": 0.41474342346191406,
      "eval_scaled_MSE_loss": 0.4276159405708313,
      "eval_scaled_R2": 0.6359545760700853,
      "eval_scaled_RMSE": 0.6042925715446472,
      "eval_steps_per_second": 50.77,
      "step": 1708
    },
    {
      "epoch": 15.0,
      "learning_rate": 5.4128967273616625e-05,
      "loss": 0.0529,
      "step": 1830
    },
    {
      "epoch": 15.0,
      "eval_MAE": 12.033926963806152,
      "eval_MAE_dE0": 14.491741180419922,
      "eval_MAE_dH0": 9.5761137008667,
      "eval_R2": 0.656175517795207,
      "eval_R2_dE0": 0.420701911907422,
      "eval_R2_dH0": 0.891649123682992,
      "eval_RMSE": 17.32617950439453,
      "eval_RMSE_dE0": 22.59834098815918,
      "eval_RMSE_dH0": 12.054015159606934,
      "eval_loss": 0.40475136041641235,
      "eval_runtime": 0.1652,
      "eval_samples_per_second": 690.159,
      "eval_scaled_MAE": 0.3997207283973694,
      "eval_scaled_MSE_loss": 0.40475136041641235,
      "eval_scaled_R2": 0.6561755168488898,
      "eval_scaled_RMSE": 0.5838000178337097,
      "eval_steps_per_second": 48.432,
      "step": 1830
    }
  ],
  "max_steps": 3660,
  "num_train_epochs": 30,
  "total_flos": 42684799564800.0,
  "trial_name": null,
  "trial_params": null
}
