{
  "best_metric": 0.21111100912094116,
  "best_model_checkpoint": "fine_tune/checkpoint-3140",
  "epoch": 5.0,
  "global_step": 3140,
  "is_hyper_param_search": false,
  "is_local_process_zero": true,
  "is_world_process_zero": true,
  "log_history": [
    {
      "epoch": 1.0,
      "learning_rate": 6.656050955414013e-05,
      "loss": 0.6996,
      "step": 628
    },
    {
      "epoch": 1.0,
      "eval_MAE": 8.105209350585938,
      "eval_MAE_DeltaG_EP_gas_molar_kcal_mol": 7.949225425720215,
      "eval_MAE_DeltaG_ET_gas_molar_kcal_mol": 8.261190414428711,
      "eval_R2": 0.6433918284200388,
      "eval_R2_DeltaG_EP_gas_molar_kcal_mol": 0.6198131379081093,
      "eval_R2_DeltaG_ET_gas_molar_kcal_mol": 0.6669705193432349,
      "eval_RMSE": 11.78295612335205,
      "eval_RMSE_DeltaG_EP_gas_molar_kcal_mol": 11.217251777648926,
      "eval_RMSE_DeltaG_ET_gas_molar_kcal_mol": 12.348657608032227,
      "eval_loss": 0.3926989734172821,
      "eval_runtime": 0.3855,
      "eval_samples_per_second": 1530.478,
      "eval_scaled_MAE": 0.43169891834259033,
      "eval_scaled_MSE_loss": 0.3926990032196045,
      "eval_scaled_R2": 0.643391822506242,
      "eval_scaled_RMSE": 0.6257385611534119,
      "eval_steps_per_second": 95.979,
      "step": 628
    },
    {
      "epoch": 2.0,
      "learning_rate": 9.99245585236519e-05,
      "loss": 0.2562,
      "step": 1256
    },
    {
      "epoch": 2.0,
      "eval_MAE": 6.650419235229492,
      "eval_MAE_DeltaG_EP_gas_molar_kcal_mol": 6.277126312255859,
      "eval_MAE_DeltaG_ET_gas_molar_kcal_mol": 7.023714065551758,
      "eval_R2": 0.7172315066504977,
      "eval_R2_DeltaG_EP_gas_molar_kcal_mol": 0.7121695410312407,
      "eval_R2_DeltaG_ET_gas_molar_kcal_mol": 0.7222934726127016,
      "eval_RMSE": 10.51828384399414,
      "eval_RMSE_DeltaG_EP_gas_molar_kcal_mol": 9.76014518737793,
      "eval_RMSE_DeltaG_ET_gas_molar_kcal_mol": 11.2764253616333,
      "eval_loss": 0.3107535243034363,
      "eval_runtime": 0.3753,
      "eval_samples_per_second": 1572.116,
      "eval_scaled_MAE": 0.35287946462631226,
      "eval_scaled_MSE_loss": 0.3107535243034363,
      "eval_scaled_R2": 0.717231507165109,
      "eval_scaled_RMSE": 0.55720055103302,
      "eval_steps_per_second": 98.59,
      "step": 1256
    },
    {
      "epoch": 3.0,
      "learning_rate": 9.931950895490353e-05,
      "loss": 0.1777,
      "step": 1884
    },
    {
      "epoch": 3.0,
      "eval_MAE": 5.185791969299316,
      "eval_MAE_DeltaG_EP_gas_molar_kcal_mol": 5.072082996368408,
      "eval_MAE_DeltaG_ET_gas_molar_kcal_mol": 5.2995076179504395,
      "eval_R2": 0.7831181050193894,
      "eval_R2_DeltaG_EP_gas_molar_kcal_mol": 0.7583243143584532,
      "eval_R2_DeltaG_ET_gas_molar_kcal_mol": 0.8079118959175399,
      "eval_RMSE": 9.160917282104492,
      "eval_RMSE_DeltaG_EP_gas_molar_kcal_mol": 8.943435668945312,
      "eval_RMSE_DeltaG_ET_gas_molar_kcal_mol": 9.378396987915039,
      "eval_loss": 0.23931677639484406,
      "eval_runtime": 0.3796,
      "eval_samples_per_second": 1554.289,
      "eval_scaled_MAE": 0.27612966299057007,
      "eval_scaled_MSE_loss": 0.23931677639484406,
      "eval_scaled_R2": 0.7831181030897294,
      "eval_scaled_RMSE": 0.487703800201416,
      "eval_steps_per_second": 97.472,
      "step": 1884
    },
    {
      "epoch": 4.0,
      "learning_rate": 9.811578735742e-05,
      "loss": 0.1416,
      "step": 2512
    },
    {
      "epoch": 4.0,
      "eval_MAE": 5.091102600097656,
      "eval_MAE_DeltaG_EP_gas_molar_kcal_mol": 4.980316162109375,
      "eval_MAE_DeltaG_ET_gas_molar_kcal_mol": 5.201886177062988,
      "eval_R2": 0.7912946741753519,
      "eval_R2_DeltaG_EP_gas_molar_kcal_mol": 0.7677925574461691,
      "eval_R2_DeltaG_ET_gas_molar_kcal_mol": 0.8147967911332467,
      "eval_RMSE": 8.98764419555664,
      "eval_RMSE_DeltaG_EP_gas_molar_kcal_mol": 8.766494750976562,
      "eval_RMSE_DeltaG_ET_gas_molar_kcal_mol": 9.208791732788086,
      "eval_loss": 0.23027783632278442,
      "eval_runtime": 0.3812,
      "eval_samples_per_second": 1547.933,
      "eval_scaled_MAE": 0.27109211683273315,
      "eval_scaled_MSE_loss": 0.23027783632278442,
      "eval_scaled_R2": 0.7912946729224645,
      "eval_scaled_RMSE": 0.4784369468688965,
      "eval_steps_per_second": 97.074,
      "step": 2512
    },
    {
      "epoch": 5.0,
      "learning_rate": 9.632800528079024e-05,
      "loss": 0.1222,
      "step": 3140
    },
    {
      "epoch": 5.0,
      "eval_MAE": 4.645116806030273,
      "eval_MAE_DeltaG_EP_gas_molar_kcal_mol": 4.618684768676758,
      "eval_MAE_DeltaG_ET_gas_molar_kcal_mol": 4.671546459197998,
      "eval_R2": 0.8085415733616588,
      "eval_R2_DeltaG_EP_gas_molar_kcal_mol": 0.7899383061497938,
      "eval_R2_DeltaG_ET_gas_molar_kcal_mol": 0.827144840786987,
      "eval_RMSE": 8.61724853515625,
      "eval_RMSE_DeltaG_EP_gas_molar_kcal_mol": 8.33798885345459,
      "eval_RMSE_DeltaG_ET_gas_molar_kcal_mol": 8.89650821685791,
      "eval_loss": 0.21111100912094116,
      "eval_runtime": 0.3797,
      "eval_samples_per_second": 1553.738,
      "eval_scaled_MAE": 0.24775022268295288,
      "eval_scaled_MSE_loss": 0.21111102402210236,
      "eval_scaled_R2": 0.8085415677520896,
      "eval_scaled_RMSE": 0.4583539366722107,
      "eval_steps_per_second": 97.438,
      "step": 3140
    }
  ],
  "max_steps": 18840,
  "num_train_epochs": 30,
  "total_flos": 73617725030400.0,
  "trial_name": null,
  "trial_params": null
}
