{
  "best_metric": 0.24385179579257965,
  "best_model_checkpoint": "fine_tune/checkpoint-484",
  "epoch": 4.0,
  "global_step": 484,
  "is_hyper_param_search": false,
  "is_local_process_zero": true,
  "is_world_process_zero": true,
  "log_history": [
    {
      "epoch": 1.0,
      "learning_rate": 6.648351648351648e-05,
      "loss": 0.8749,
      "step": 121
    },
    {
      "epoch": 1.0,
      "eval_MAE": 19.583370208740234,
      "eval_MAE_dE0": 16.50156021118164,
      "eval_MAE_dH0": 22.665176391601562,
      "eval_R2": 0.05478989500468956,
      "eval_R2_dE0": 0.04412179589995213,
      "eval_R2_dH0": 0.06545799760765225,
      "eval_RMSE": 24.490009307861328,
      "eval_RMSE_dE0": 20.500381469726562,
      "eval_RMSE_dH0": 28.479637145996094,
      "eval_loss": 0.6237422823905945,
      "eval_runtime": 0.2002,
      "eval_samples_per_second": 539.463,
      "eval_scaled_MAE": 0.6317302584648132,
      "eval_scaled_MSE_loss": 0.6237422823905945,
      "eval_scaled_R2": 0.054789912846897215,
      "eval_scaled_RMSE": 0.7894148826599121,
      "eval_steps_per_second": 34.965,
      "step": 121
    },
    {
      "epoch": 2.0,
      "learning_rate": 9.992777215210047e-05,
      "loss": 0.4999,
      "step": 242
    },
    {
      "epoch": 2.0,
      "eval_MAE": 12.635007858276367,
      "eval_MAE_dE0": 13.459084510803223,
      "eval_MAE_dH0": 11.810930252075195,
      "eval_R2": 0.5688751593227384,
      "eval_R2_dE0": 0.3879794952188357,
      "eval_R2_dH0": 0.7497708256664511,
      "eval_RMSE": 15.570297241210938,
      "eval_RMSE_dE0": 16.40376853942871,
      "eval_RMSE_dH0": 14.736827850341797,
      "eval_loss": 0.2761882245540619,
      "eval_runtime": 0.1736,
      "eval_samples_per_second": 622.01,
      "eval_scaled_MAE": 0.41995006799697876,
      "eval_scaled_MSE_loss": 0.2761882543563843,
      "eval_scaled_R2": 0.5688751523613516,
      "eval_scaled_RMSE": 0.516710102558136,
      "eval_steps_per_second": 40.315,
      "step": 242
    },
    {
      "epoch": 3.0,
      "learning_rate": 9.932907097162202e-05,
      "loss": 0.3535,
      "step": 363
    },
    {
      "epoch": 3.0,
      "eval_MAE": 12.115649223327637,
      "eval_MAE_dE0": 13.272757530212402,
      "eval_MAE_dH0": 10.958540916442871,
      "eval_R2": 0.5855492174813308,
      "eval_R2_dE0": 0.3804349667019892,
      "eval_R2_dH0": 0.7906634705280932,
      "eval_RMSE": 14.991779327392578,
      "eval_RMSE_dE0": 16.50456428527832,
      "eval_RMSE_dH0": 13.478995323181152,
      "eval_loss": 0.2640328109264374,
      "eval_runtime": 0.1779,
      "eval_samples_per_second": 607.157,
      "eval_scaled_MAE": 0.4043010473251343,
      "eval_scaled_MSE_loss": 0.2640328109264374,
      "eval_scaled_R2": 0.585549219851178,
      "eval_scaled_RMSE": 0.5006341338157654,
      "eval_steps_per_second": 39.353,
      "step": 363
    },
    {
      "epoch": 4.0,
      "learning_rate": 9.813140819339159e-05,
      "loss": 0.2683,
      "step": 484
    },
    {
      "epoch": 4.0,
      "eval_MAE": 11.456979751586914,
      "eval_MAE_dE0": 13.247105598449707,
      "eval_MAE_dH0": 9.666851997375488,
      "eval_R2": 0.6142289958738167,
      "eval_R2_dE0": 0.3828485997023733,
      "eval_R2_dH0": 0.8456093943038476,
      "eval_RMSE": 14.024019241333008,
      "eval_RMSE_dE0": 16.47238540649414,
      "eval_RMSE_dH0": 11.575652122497559,
      "eval_loss": 0.24385179579257965,
      "eval_runtime": 0.1705,
      "eval_samples_per_second": 633.279,
      "eval_scaled_MAE": 0.38538044691085815,
      "eval_scaled_MSE_loss": 0.24385178089141846,
      "eval_scaled_R2": 0.614229000415663,
      "eval_scaled_RMSE": 0.47285890579223633,
      "eval_steps_per_second": 41.046,
      "step": 484
    }
  ],
  "max_steps": 3630,
  "num_train_epochs": 30,
  "total_flos": 11288832675840.0,
  "trial_name": null,
  "trial_params": null
}
