{
  "best_metric": 0.34683167934417725,
  "best_model_checkpoint": "fine_tune/checkpoint-8820",
  "epoch": 14.0,
  "global_step": 8820,
  "is_hyper_param_search": false,
  "is_local_process_zero": true,
  "is_world_process_zero": true,
  "log_history": [
    {
      "epoch": 1.0,
      "learning_rate": 6.656084656084657e-05,
      "loss": 0.6662,
      "step": 630
    },
    {
      "epoch": 1.0,
      "eval_MAE": 9.842643737792969,
      "eval_MAE_DeltaG_EP_gas_molar_kcal_mol": 9.538715362548828,
      "eval_MAE_DeltaG_ET_gas_molar_kcal_mol": 10.146564483642578,
      "eval_R2": 0.5358471606314303,
      "eval_R2_DeltaG_EP_gas_molar_kcal_mol": 0.6150237791200497,
      "eval_R2_DeltaG_ET_gas_molar_kcal_mol": 0.45667054242693017,
      "eval_RMSE": 14.389364242553711,
      "eval_RMSE_DeltaG_EP_gas_molar_kcal_mol": 13.79678726196289,
      "eval_RMSE_DeltaG_ET_gas_molar_kcal_mol": 14.981938362121582,
      "eval_loss": 0.5991348028182983,
      "eval_runtime": 0.4542,
      "eval_samples_per_second": 1479.519,
      "eval_scaled_MAE": 0.5293821096420288,
      "eval_scaled_MSE_loss": 0.5991348624229431,
      "eval_scaled_R2": 0.5358471545747563,
      "eval_scaled_RMSE": 0.7732328176498413,
      "eval_steps_per_second": 92.47,
      "step": 630
    },
    {
      "epoch": 2.0,
      "learning_rate": 9.992455699369844e-05,
      "loss": 0.2427,
      "step": 1260
    },
    {
      "epoch": 2.0,
      "eval_MAE": 8.315572738647461,
      "eval_MAE_DeltaG_EP_gas_molar_kcal_mol": 8.105483055114746,
      "eval_MAE_DeltaG_ET_gas_molar_kcal_mol": 8.525653839111328,
      "eval_R2": 0.6372834214164793,
      "eval_R2_DeltaG_EP_gas_molar_kcal_mol": 0.7070371560213515,
      "eval_R2_DeltaG_ET_gas_molar_kcal_mol": 0.5675296870377557,
      "eval_RMSE": 12.700996398925781,
      "eval_RMSE_DeltaG_EP_gas_molar_kcal_mol": 12.035588264465332,
      "eval_RMSE_DeltaG_ET_gas_molar_kcal_mol": 13.366401672363281,
      "eval_loss": 0.4654577374458313,
      "eval_runtime": 0.4196,
      "eval_samples_per_second": 1601.41,
      "eval_scaled_MAE": 0.44746726751327515,
      "eval_scaled_MSE_loss": 0.4654577374458313,
      "eval_scaled_R2": 0.637283415649822,
      "eval_scaled_RMSE": 0.6818405389785767,
      "eval_steps_per_second": 100.088,
      "step": 1260
    },
    {
      "epoch": 3.0,
      "learning_rate": 9.931950437386411e-05,
      "loss": 0.1748,
      "step": 1890
    },
    {
      "epoch": 3.0,
      "eval_MAE": 7.1854753494262695,
      "eval_MAE_DeltaG_EP_gas_molar_kcal_mol": 7.2322096824646,
      "eval_MAE_DeltaG_ET_gas_molar_kcal_mol": 7.138739585876465,
      "eval_R2": 0.6916995595360329,
      "eval_R2_DeltaG_EP_gas_molar_kcal_mol": 0.7505453892620623,
      "eval_R2_DeltaG_ET_gas_molar_kcal_mol": 0.6328537300019927,
      "eval_RMSE": 11.710794448852539,
      "eval_RMSE_DeltaG_EP_gas_molar_kcal_mol": 11.105978012084961,
      "eval_RMSE_DeltaG_ET_gas_molar_kcal_mol": 12.3156099319458,
      "eval_loss": 0.39578214287757874,
      "eval_runtime": 0.4766,
      "eval_samples_per_second": 1409.916,
      "eval_scaled_MAE": 0.3877231776714325,
      "eval_scaled_MSE_loss": 0.3957822024822235,
      "eval_scaled_R2": 0.6916995522236905,
      "eval_scaled_RMSE": 0.62872314453125,
      "eval_steps_per_second": 88.12,
      "step": 1890
    },
    {
      "epoch": 4.0,
      "learning_rate": 9.811577978090223e-05,
      "loss": 0.1359,
      "step": 2520
    },
    {
      "epoch": 4.0,
      "eval_MAE": 7.175196647644043,
      "eval_MAE_DeltaG_EP_gas_molar_kcal_mol": 6.905315399169922,
      "eval_MAE_DeltaG_ET_gas_molar_kcal_mol": 7.445071220397949,
      "eval_R2": 0.6788456105255192,
      "eval_R2_DeltaG_EP_gas_molar_kcal_mol": 0.7338914010450491,
      "eval_R2_DeltaG_ET_gas_molar_kcal_mol": 0.623799820202713,
      "eval_RMSE": 11.968626022338867,
      "eval_RMSE_DeltaG_EP_gas_molar_kcal_mol": 11.470714569091797,
      "eval_RMSE_DeltaG_ET_gas_molar_kcal_mol": 12.466538429260254,
      "eval_loss": 0.414459228515625,
      "eval_runtime": 0.4869,
      "eval_samples_per_second": 1380.249,
      "eval_scaled_MAE": 0.38568902015686035,
      "eval_scaled_MSE_loss": 0.414459228515625,
      "eval_scaled_R2": 0.6788456030467999,
      "eval_scaled_RMSE": 0.6431275606155396,
      "eval_steps_per_second": 86.266,
      "step": 2520
    },
    {
      "epoch": 5.0,
      "learning_rate": 9.632799480076278e-05,
      "loss": 0.1161,
      "step": 3150
    },
    {
      "epoch": 5.0,
      "eval_MAE": 6.850468635559082,
      "eval_MAE_DeltaG_EP_gas_molar_kcal_mol": 6.552652835845947,
      "eval_MAE_DeltaG_ET_gas_molar_kcal_mol": 7.14828634262085,
      "eval_R2": 0.7041582602656735,
      "eval_R2_DeltaG_EP_gas_molar_kcal_mol": 0.7666679181838179,
      "eval_R2_DeltaG_ET_gas_molar_kcal_mol": 0.6416486025349193,
      "eval_RMSE": 11.45414924621582,
      "eval_RMSE_DeltaG_EP_gas_molar_kcal_mol": 10.741086959838867,
      "eval_RMSE_DeltaG_ET_gas_molar_kcal_mol": 12.167207717895508,
      "eval_loss": 0.37768617272377014,
      "eval_runtime": 0.4377,
      "eval_samples_per_second": 1535.462,
      "eval_scaled_MAE": 0.36804628372192383,
      "eval_scaled_MSE_loss": 0.37768614292144775,
      "eval_scaled_R2": 0.7041582547216999,
      "eval_scaled_RMSE": 0.6143766641616821,
      "eval_steps_per_second": 95.966,
      "step": 3150
    },
    {
      "epoch": 6.0,
      "learning_rate": 9.397785072130696e-05,
      "loss": 0.1023,
      "step": 3780
    },
    {
      "epoch": 6.0,
      "eval_MAE": 6.4696455001831055,
      "eval_MAE_DeltaG_EP_gas_molar_kcal_mol": 6.224654197692871,
      "eval_MAE_DeltaG_ET_gas_molar_kcal_mol": 6.714642524719238,
      "eval_R2": 0.7193571238420756,
      "eval_R2_DeltaG_EP_gas_molar_kcal_mol": 0.7787652475296649,
      "eval_R2_DeltaG_ET_gas_molar_kcal_mol": 0.6599490003323065,
      "eval_RMSE": 11.1556978225708,
      "eval_RMSE_DeltaG_EP_gas_molar_kcal_mol": 10.458940505981445,
      "eval_RMSE_DeltaG_ET_gas_molar_kcal_mol": 11.852457046508789,
      "eval_loss": 0.35824429988861084,
      "eval_runtime": 0.4045,
      "eval_samples_per_second": 1661.12,
      "eval_scaled_MAE": 0.3477557897567749,
      "eval_scaled_MSE_loss": 0.3582443594932556,
      "eval_scaled_R2": 0.7193571186366178,
      "eval_scaled_RMSE": 0.5983578562736511,
      "eval_steps_per_second": 103.82,
      "step": 3780
    },
    {
      "epoch": 7.0,
      "learning_rate": 9.109885819680386e-05,
      "loss": 0.089,
      "step": 4410
    },
    {
      "epoch": 7.0,
      "eval_MAE": 6.862339019775391,
      "eval_MAE_DeltaG_EP_gas_molar_kcal_mol": 6.4595417976379395,
      "eval_MAE_DeltaG_ET_gas_molar_kcal_mol": 7.265140533447266,
      "eval_R2": 0.6900104102792735,
      "eval_R2_DeltaG_EP_gas_molar_kcal_mol": 0.7597870899717815,
      "eval_R2_DeltaG_ET_gas_molar_kcal_mol": 0.6202337307853538,
      "eval_RMSE": 11.711898803710938,
      "eval_RMSE_DeltaG_EP_gas_molar_kcal_mol": 10.898310661315918,
      "eval_RMSE_DeltaG_ET_gas_molar_kcal_mol": 12.525485038757324,
      "eval_loss": 0.3942597210407257,
      "eval_runtime": 0.442,
      "eval_samples_per_second": 1520.532,
      "eval_scaled_MAE": 0.3681958317756653,
      "eval_scaled_MSE_loss": 0.3942597806453705,
      "eval_scaled_R2": 0.6900103989907049,
      "eval_scaled_RMSE": 0.6278071403503418,
      "eval_steps_per_second": 95.033,
      "step": 4410
    },
    {
      "epoch": 8.0,
      "learning_rate": 8.771681939316311e-05,
      "loss": 0.0812,
      "step": 5040
    },
    {
      "epoch": 8.0,
      "eval_MAE": 6.610335350036621,
      "eval_MAE_DeltaG_EP_gas_molar_kcal_mol": 6.241587162017822,
      "eval_MAE_DeltaG_ET_gas_molar_kcal_mol": 6.979085445404053,
      "eval_R2": 0.7156864758254402,
      "eval_R2_DeltaG_EP_gas_molar_kcal_mol": 0.8103854461345265,
      "eval_R2_DeltaG_ET_gas_molar_kcal_mol": 0.6209875057145482,
      "eval_RMSE": 11.097875595092773,
      "eval_RMSE_DeltaG_EP_gas_molar_kcal_mol": 9.682708740234375,
      "eval_RMSE_DeltaG_ET_gas_molar_kcal_mol": 12.51304817199707,
      "eval_loss": 0.3509218692779541,
      "eval_runtime": 0.4522,
      "eval_samples_per_second": 1486.206,
      "eval_scaled_MAE": 0.35476452112197876,
      "eval_scaled_MSE_loss": 0.3509218692779541,
      "eval_scaled_R2": 0.7156864687144375,
      "eval_scaled_RMSE": 0.5918817520141602,
      "eval_steps_per_second": 92.888,
      "step": 5040
    },
    {
      "epoch": 9.0,
      "learning_rate": 8.387694949464692e-05,
      "loss": 0.0735,
      "step": 5670
    },
    {
      "epoch": 9.0,
      "eval_MAE": 6.5723795890808105,
      "eval_MAE_DeltaG_EP_gas_molar_kcal_mol": 6.303713798522949,
      "eval_MAE_DeltaG_ET_gas_molar_kcal_mol": 6.841043949127197,
      "eval_R2": 0.7094163664849433,
      "eval_R2_DeltaG_EP_gas_molar_kcal_mol": 0.7679315716012792,
      "eval_R2_DeltaG_ET_gas_molar_kcal_mol": 0.6509011615511591,
      "eval_RMSE": 11.36053466796875,
      "eval_RMSE_DeltaG_EP_gas_molar_kcal_mol": 10.711962699890137,
      "eval_RMSE_DeltaG_ET_gas_molar_kcal_mol": 12.009102821350098,
      "eval_loss": 0.3719766139984131,
      "eval_runtime": 0.4315,
      "eval_samples_per_second": 1557.363,
      "eval_scaled_MAE": 0.35318541526794434,
      "eval_scaled_MSE_loss": 0.3719766438007355,
      "eval_scaled_R2": 0.709416359124061,
      "eval_scaled_RMSE": 0.6096296310424805,
      "eval_steps_per_second": 97.335,
      "step": 5670
    },
    {
      "epoch": 10.0,
      "learning_rate": 7.962585932019767e-05,
      "loss": 0.0652,
      "step": 6300
    },
    {
      "epoch": 10.0,
      "eval_MAE": 6.269286155700684,
      "eval_MAE_DeltaG_EP_gas_molar_kcal_mol": 6.200525760650635,
      "eval_MAE_DeltaG_ET_gas_molar_kcal_mol": 6.338047504425049,
      "eval_R2": 0.7189034860219399,
      "eval_R2_DeltaG_EP_gas_molar_kcal_mol": 0.785021819588744,
      "eval_R2_DeltaG_ET_gas_molar_kcal_mol": 0.6527851526367022,
      "eval_RMSE": 11.143324851989746,
      "eval_RMSE_DeltaG_EP_gas_molar_kcal_mol": 10.309988975524902,
      "eval_RMSE_DeltaG_ET_gas_molar_kcal_mol": 11.976654052734375,
      "eval_loss": 0.35652220249176025,
      "eval_runtime": 0.4072,
      "eval_samples_per_second": 1650.125,
      "eval_scaled_MAE": 0.3377743065357208,
      "eval_scaled_MSE_loss": 0.35652217268943787,
      "eval_scaled_R2": 0.7189034765736194,
      "eval_scaled_RMSE": 0.5970519185066223,
      "eval_steps_per_second": 103.133,
      "step": 6300
    },
    {
      "epoch": 11.0,
      "learning_rate": 7.501515134585375e-05,
      "loss": 0.0597,
      "step": 6930
    },
    {
      "epoch": 11.0,
      "eval_MAE": 6.32717752456665,
      "eval_MAE_DeltaG_EP_gas_molar_kcal_mol": 6.159813404083252,
      "eval_MAE_DeltaG_ET_gas_molar_kcal_mol": 6.494541645050049,
      "eval_R2": 0.7137985776117954,
      "eval_R2_DeltaG_EP_gas_molar_kcal_mol": 0.7770505769644727,
      "eval_R2_DeltaG_ET_gas_molar_kcal_mol": 0.6505465784418552,
      "eval_RMSE": 11.257294654846191,
      "eval_RMSE_DeltaG_EP_gas_molar_kcal_mol": 10.499393463134766,
      "eval_RMSE_DeltaG_ET_gas_molar_kcal_mol": 12.0152006149292,
      "eval_loss": 0.3644119203090668,
      "eval_runtime": 0.4045,
      "eval_samples_per_second": 1661.35,
      "eval_scaled_MAE": 0.34043532609939575,
      "eval_scaled_MSE_loss": 0.3644119203090668,
      "eval_scaled_R2": 0.7137985726987415,
      "eval_scaled_RMSE": 0.6035511493682861,
      "eval_steps_per_second": 103.834,
      "step": 6930
    },
    {
      "epoch": 12.0,
      "learning_rate": 7.010880344162088e-05,
      "loss": 0.053,
      "step": 7560
    },
    {
      "epoch": 12.0,
      "eval_MAE": 6.623292922973633,
      "eval_MAE_DeltaG_EP_gas_molar_kcal_mol": 6.343116283416748,
      "eval_MAE_DeltaG_ET_gas_molar_kcal_mol": 6.9034647941589355,
      "eval_R2": 0.6761692763231818,
      "eval_R2_DeltaG_EP_gas_molar_kcal_mol": 0.7628729371722871,
      "eval_R2_DeltaG_ET_gas_molar_kcal_mol": 0.5894656156887542,
      "eval_RMSE": 11.925542831420898,
      "eval_RMSE_DeltaG_EP_gas_molar_kcal_mol": 10.828083038330078,
      "eval_RMSE_DeltaG_ET_gas_molar_kcal_mol": 13.023002624511719,
      "eval_loss": 0.4070582687854767,
      "eval_runtime": 0.4268,
      "eval_samples_per_second": 1574.443,
      "eval_scaled_MAE": 0.355877161026001,
      "eval_scaled_MSE_loss": 0.4070582687854767,
      "eval_scaled_R2": 0.6761692646260917,
      "eval_scaled_RMSE": 0.6380019783973694,
      "eval_steps_per_second": 98.403,
      "step": 7560
    },
    {
      "epoch": 13.0,
      "learning_rate": 6.495078737941509e-05,
      "loss": 0.0487,
      "step": 8190
    },
    {
      "epoch": 13.0,
      "eval_MAE": 6.133871078491211,
      "eval_MAE_DeltaG_EP_gas_molar_kcal_mol": 5.827433109283447,
      "eval_MAE_DeltaG_ET_gas_molar_kcal_mol": 6.4403076171875,
      "eval_R2": 0.6951963553464509,
      "eval_R2_DeltaG_EP_gas_molar_kcal_mol": 0.7752737318112699,
      "eval_R2_DeltaG_ET_gas_molar_kcal_mol": 0.6151189790828948,
      "eval_RMSE": 11.575353622436523,
      "eval_RMSE_DeltaG_EP_gas_molar_kcal_mol": 10.541149139404297,
      "eval_RMSE_DeltaG_ET_gas_molar_kcal_mol": 12.609550476074219,
      "eval_loss": 0.38367408514022827,
      "eval_runtime": 0.4734,
      "eval_samples_per_second": 1419.501,
      "eval_scaled_MAE": 0.3293605446815491,
      "eval_scaled_MSE_loss": 0.38367408514022827,
      "eval_scaled_R2": 0.6951963425705638,
      "eval_scaled_RMSE": 0.6194120645523071,
      "eval_steps_per_second": 88.719,
      "step": 8190
    },
    {
      "epoch": 14.0,
      "learning_rate": 5.96112890112965e-05,
      "loss": 0.0442,
      "step": 8820
    },
    {
      "epoch": 14.0,
      "eval_MAE": 6.007595062255859,
      "eval_MAE_DeltaG_EP_gas_molar_kcal_mol": 5.703349590301514,
      "eval_MAE_DeltaG_ET_gas_molar_kcal_mol": 6.311841011047363,
      "eval_R2": 0.7213978736833239,
      "eval_R2_DeltaG_EP_gas_molar_kcal_mol": 0.8056888974380657,
      "eval_R2_DeltaG_ET_gas_molar_kcal_mol": 0.637106850118347,
      "eval_RMSE": 11.022979736328125,
      "eval_RMSE_DeltaG_EP_gas_molar_kcal_mol": 9.80189037322998,
      "eval_RMSE_DeltaG_ET_gas_molar_kcal_mol": 12.244068145751953,
      "eval_loss": 0.34683167934417725,
      "eval_runtime": 0.4811,
      "eval_samples_per_second": 1396.701,
      "eval_scaled_MAE": 0.3225608468055725,
      "eval_scaled_MSE_loss": 0.34683170914649963,
      "eval_scaled_R2": 0.7213978671958627,
      "eval_scaled_RMSE": 0.5887496471405029,
      "eval_steps_per_second": 87.294,
      "step": 8820
    }
  ],
  "max_steps": 18900,
  "num_train_epochs": 30,
  "total_flos": 206580948940800.0,
  "trial_name": null,
  "trial_params": null
}
