{
  "best_metric": 0.29927346110343933,
  "best_model_checkpoint": "fine_tune/checkpoint-2562",
  "epoch": 21.0,
  "global_step": 2562,
  "is_hyper_param_search": false,
  "is_local_process_zero": true,
  "is_world_process_zero": true,
  "log_history": [
    {
      "epoch": 1.0,
      "learning_rate": 6.666666666666667e-05,
      "loss": 0.9442,
      "step": 122
    },
    {
      "epoch": 1.0,
      "eval_MAE": 18.340965270996094,
      "eval_MAE_dE0": 19.122085571289062,
      "eval_MAE_dH0": 17.55984115600586,
      "eval_R2": 0.30758814370320914,
      "eval_R2_dE0": 0.13444632528256495,
      "eval_R2_dH0": 0.4807299765363654,
      "eval_RMSE": 23.338497161865234,
      "eval_RMSE_dE0": 23.953062057495117,
      "eval_RMSE_dH0": 22.72393226623535,
      "eval_loss": 0.6036572456359863,
      "eval_runtime": 0.2267,
      "eval_samples_per_second": 502.855,
      "eval_scaled_MAE": 0.6033480167388916,
      "eval_scaled_MSE_loss": 0.6036573052406311,
      "eval_scaled_R2": 0.3075881462975889,
      "eval_scaled_RMSE": 0.7659568786621094,
      "eval_steps_per_second": 35.288,
      "step": 122
    },
    {
      "epoch": 2.0,
      "learning_rate": 9.992407582166581e-05,
      "loss": 0.4838,
      "step": 244
    },
    {
      "epoch": 2.0,
      "eval_MAE": 16.13973617553711,
      "eval_MAE_dE0": 16.450010299682617,
      "eval_MAE_dH0": 15.829461097717285,
      "eval_R2": 0.48189673662789506,
      "eval_R2_dE0": 0.3432597834939044,
      "eval_R2_dH0": 0.6205337006974021,
      "eval_RMSE": 20.145097732543945,
      "eval_RMSE_dE0": 20.86463737487793,
      "eval_RMSE_dH0": 19.425554275512695,
      "eval_loss": 0.45237183570861816,
      "eval_runtime": 0.1794,
      "eval_samples_per_second": 635.503,
      "eval_scaled_MAE": 0.5291558504104614,
      "eval_scaled_MSE_loss": 0.4523718059062958,
      "eval_scaled_R2": 0.48189674424619044,
      "eval_scaled_RMSE": 0.6620436906814575,
      "eval_steps_per_second": 44.597,
      "step": 244
    },
    {
      "epoch": 3.0,
      "learning_rate": 9.931806517013612e-05,
      "loss": 0.3363,
      "step": 366
    },
    {
      "epoch": 3.0,
      "eval_MAE": 13.901371002197266,
      "eval_MAE_dE0": 15.67318344116211,
      "eval_MAE_dH0": 12.129562377929688,
      "eval_R2": 0.5801977967276453,
      "eval_R2_dE0": 0.3923270707084876,
      "eval_R2_dH0": 0.7680685328652896,
      "eval_RMSE": 17.628442764282227,
      "eval_RMSE_dE0": 20.07007598876953,
      "eval_RMSE_dH0": 15.18681526184082,
      "eval_loss": 0.37219732999801636,
      "eval_runtime": 0.1876,
      "eval_samples_per_second": 607.781,
      "eval_scaled_MAE": 0.46287107467651367,
      "eval_scaled_MSE_loss": 0.37219732999801636,
      "eval_scaled_R2": 0.5801978075013976,
      "eval_scaled_RMSE": 0.5878902077674866,
      "eval_steps_per_second": 42.651,
      "step": 366
    },
    {
      "epoch": 4.0,
      "learning_rate": 9.811340001546251e-05,
      "loss": 0.2509,
      "step": 488
    },
    {
      "epoch": 4.0,
      "eval_MAE": 12.640752792358398,
      "eval_MAE_dE0": 14.23877239227295,
      "eval_MAE_dH0": 11.042736053466797,
      "eval_R2": 0.6306207895762517,
      "eval_R2_dE0": 0.46331544364497734,
      "eval_R2_dH0": 0.7979261444439709,
      "eval_RMSE": 16.51850128173828,
      "eval_RMSE_dE0": 18.861385345458984,
      "eval_RMSE_dH0": 14.175615310668945,
      "eval_loss": 0.3276419937610626,
      "eval_runtime": 0.1922,
      "eval_samples_per_second": 593.023,
      "eval_scaled_MAE": 0.42083466053009033,
      "eval_scaled_MSE_loss": 0.32764196395874023,
      "eval_scaled_R2": 0.6306207891584061,
      "eval_scaled_RMSE": 0.5511342287063599,
      "eval_steps_per_second": 41.616,
      "step": 488
    },
    {
      "epoch": 5.0,
      "learning_rate": 9.632470336074009e-05,
      "loss": 0.1857,
      "step": 610
    },
    {
      "epoch": 5.0,
      "eval_MAE": 13.099540710449219,
      "eval_MAE_dE0": 15.270700454711914,
      "eval_MAE_dH0": 10.92838191986084,
      "eval_R2": 0.6058870475550178,
      "eval_R2_dE0": 0.41487465649090083,
      "eval_R2_dH0": 0.7968994483621769,
      "eval_RMSE": 16.952892303466797,
      "eval_RMSE_dE0": 19.69420623779297,
      "eval_RMSE_dH0": 14.211580276489258,
      "eval_loss": 0.35051703453063965,
      "eval_runtime": 0.1738,
      "eval_samples_per_second": 655.795,
      "eval_scaled_MAE": 0.43854016065597534,
      "eval_scaled_MSE_loss": 0.3505170941352844,
      "eval_scaled_R2": 0.605887059074925,
      "eval_scaled_RMSE": 0.5672174692153931,
      "eval_steps_per_second": 46.021,
      "step": 610
    },
    {
      "epoch": 6.0,
      "learning_rate": 9.397368756032445e-05,
      "loss": 0.1559,
      "step": 732
    },
    {
      "epoch": 6.0,
      "eval_MAE": 12.915426254272461,
      "eval_MAE_dE0": 15.189677238464355,
      "eval_MAE_dH0": 10.641176223754883,
      "eval_R2": 0.6016924031854822,
      "eval_R2_dE0": 0.3958847203885554,
      "eval_R2_dH0": 0.8075000960416567,
      "eval_RMSE": 16.923484802246094,
      "eval_RMSE_dE0": 20.01123809814453,
      "eval_RMSE_dH0": 13.835731506347656,
      "eval_loss": 0.355203241109848,
      "eval_runtime": 0.1706,
      "eval_samples_per_second": 668.118,
      "eval_scaled_MAE": 0.4330071806907654,
      "eval_scaled_MSE_loss": 0.35520318150520325,
      "eval_scaled_R2": 0.6016924156535517,
      "eval_scaled_RMSE": 0.5678912997245789,
      "eval_steps_per_second": 46.885,
      "step": 732
    },
    {
      "epoch": 7.0,
      "learning_rate": 9.108889076126226e-05,
      "loss": 0.127,
      "step": 854
    },
    {
      "epoch": 7.0,
      "eval_MAE": 12.45625114440918,
      "eval_MAE_dE0": 15.096853256225586,
      "eval_MAE_dH0": 9.815645217895508,
      "eval_R2": 0.624353929881806,
      "eval_R2_dE0": 0.4085770490797569,
      "eval_R2_dH0": 0.8401308205317604,
      "eval_RMSE": 16.204286575317383,
      "eval_RMSE_dE0": 19.79990577697754,
      "eval_RMSE_dH0": 12.608668327331543,
      "eval_loss": 0.3366170823574066,
      "eval_runtime": 0.1774,
      "eval_samples_per_second": 642.759,
      "eval_scaled_MAE": 0.4197235107421875,
      "eval_scaled_MSE_loss": 0.3366170823574066,
      "eval_scaled_R2": 0.624353941604356,
      "eval_scaled_RMSE": 0.5467743277549744,
      "eval_steps_per_second": 45.106,
      "step": 854
    },
    {
      "epoch": 8.0,
      "learning_rate": 8.770533048884482e-05,
      "loss": 0.1066,
      "step": 976
    },
    {
      "epoch": 8.0,
      "eval_MAE": 12.498357772827148,
      "eval_MAE_dE0": 14.886905670166016,
      "eval_MAE_dH0": 10.109808921813965,
      "eval_R2": 0.6194810507713923,
      "eval_R2_dE0": 0.40786409608017526,
      "eval_R2_dH0": 0.8310980153223858,
      "eval_RMSE": 16.385908126831055,
      "eval_RMSE_dE0": 19.81183624267578,
      "eval_RMSE_dH0": 12.959977149963379,
      "eval_loss": 0.3404626250267029,
      "eval_runtime": 0.1713,
      "eval_samples_per_second": 665.489,
      "eval_scaled_MAE": 0.4199105203151703,
      "eval_scaled_MSE_loss": 0.34046265482902527,
      "eval_scaled_R2": 0.6194810645322804,
      "eval_scaled_RMSE": 0.5519114136695862,
      "eval_steps_per_second": 46.701,
      "step": 976
    },
    {
      "epoch": 9.0,
      "learning_rate": 8.386407858128706e-05,
      "loss": 0.0949,
      "step": 1098
    },
    {
      "epoch": 9.0,
      "eval_MAE": 12.3825044631958,
      "eval_MAE_dE0": 14.939960479736328,
      "eval_MAE_dH0": 9.825050354003906,
      "eval_R2": 0.6343296276666148,
      "eval_R2_dE0": 0.43221262150064144,
      "eval_R2_dH0": 0.8364466432869325,
      "eval_RMSE": 16.076677322387695,
      "eval_RMSE_dE0": 19.400232315063477,
      "eval_RMSE_dH0": 12.75312328338623,
      "eval_loss": 0.32708415389060974,
      "eval_runtime": 0.1842,
      "eval_samples_per_second": 619.057,
      "eval_scaled_MAE": 0.4169199764728546,
      "eval_scaled_MSE_loss": 0.32708415389060974,
      "eval_scaled_R2": 0.6343296387577909,
      "eval_scaled_RMSE": 0.541317880153656,
      "eval_steps_per_second": 43.443,
      "step": 1098
    },
    {
      "epoch": 10.0,
      "learning_rate": 7.961176263324901e-05,
      "loss": 0.0838,
      "step": 1220
    },
    {
      "epoch": 10.0,
      "eval_MAE": 12.410079002380371,
      "eval_MAE_dE0": 14.90572738647461,
      "eval_MAE_dH0": 9.914429664611816,
      "eval_R2": 0.6213021983166338,
      "eval_R2_dE0": 0.4101055531957426,
      "eval_R2_dH0": 0.8324988532599786,
      "eval_RMSE": 16.340211868286133,
      "eval_RMSE_dE0": 19.774303436279297,
      "eval_RMSE_dH0": 12.906121253967285,
      "eval_loss": 0.3388775587081909,
      "eval_runtime": 0.1728,
      "eval_samples_per_second": 659.704,
      "eval_scaled_MAE": 0.41752973198890686,
      "eval_scaled_MSE_loss": 0.3388775885105133,
      "eval_scaled_R2": 0.6213022011327902,
      "eval_scaled_RMSE": 0.5504559278488159,
      "eval_steps_per_second": 46.295,
      "step": 1220
    },
    {
      "epoch": 11.0,
      "learning_rate": 7.500000000000001e-05,
      "loss": 0.0729,
      "step": 1342
    },
    {
      "epoch": 11.0,
      "eval_MAE": 12.344693183898926,
      "eval_MAE_dE0": 15.345122337341309,
      "eval_MAE_dH0": 9.344258308410645,
      "eval_R2": 0.6203851275442589,
      "eval_R2_dE0": 0.3864427843220418,
      "eval_R2_dH0": 0.8543274809829433,
      "eval_RMSE": 16.101417541503906,
      "eval_RMSE_dE0": 20.16701316833496,
      "eval_RMSE_dH0": 12.035819053649902,
      "eval_loss": 0.3413628339767456,
      "eval_runtime": 0.1768,
      "eval_samples_per_second": 644.922,
      "eval_scaled_MAE": 0.41777467727661133,
      "eval_scaled_MSE_loss": 0.3413628339767456,
      "eval_scaled_R2": 0.6203851292752046,
      "eval_scaled_RMSE": 0.5456292629241943,
      "eval_steps_per_second": 45.258,
      "step": 1342
    },
    {
      "epoch": 12.0,
      "learning_rate": 7.008477123264848e-05,
      "loss": 0.067,
      "step": 1464
    },
    {
      "epoch": 12.0,
      "eval_MAE": 11.777416229248047,
      "eval_MAE_dE0": 14.484428405761719,
      "eval_MAE_dH0": 9.070403099060059,
      "eval_R2": 0.6413565391889886,
      "eval_R2_dE0": 0.42306018262223866,
      "eval_R2_dH0": 0.8596529053624821,
      "eval_RMSE": 15.684868812561035,
      "eval_RMSE_dE0": 19.555967330932617,
      "eval_RMSE_dH0": 11.81377124786377,
      "eval_loss": 0.3223007917404175,
      "eval_runtime": 0.174,
      "eval_samples_per_second": 655.119,
      "eval_scaled_MAE": 0.3978424668312073,
      "eval_scaled_MSE_loss": 0.32230085134506226,
      "eval_scaled_R2": 0.641356540994297,
      "eval_scaled_RMSE": 0.5310922265052795,
      "eval_steps_per_second": 45.973,
      "step": 1464
    },
    {
      "epoch": 13.0,
      "learning_rate": 6.492574055008473e-05,
      "loss": 0.0587,
      "step": 1586
    },
    {
      "epoch": 13.0,
      "eval_MAE": 12.02651596069336,
      "eval_MAE_dE0": 15.011247634887695,
      "eval_MAE_dH0": 9.041783332824707,
      "eval_R2": 0.6378605061063196,
      "eval_R2_dE0": 0.40989164775238784,
      "eval_R2_dH0": 0.8658293742862668,
      "eval_RMSE": 15.664389610290527,
      "eval_RMSE_dE0": 19.777889251708984,
      "eval_RMSE_dH0": 11.55089282989502,
      "eval_loss": 0.3260073959827423,
      "eval_runtime": 0.1639,
      "eval_samples_per_second": 695.637,
      "eval_scaled_MAE": 0.4072977602481842,
      "eval_scaled_MSE_loss": 0.3260074555873871,
      "eval_scaled_R2": 0.6378605155655659,
      "eval_scaled_RMSE": 0.5315667986869812,
      "eval_steps_per_second": 48.817,
      "step": 1586
    },
    {
      "epoch": 14.0,
      "learning_rate": 5.958553159618693e-05,
      "loss": 0.0514,
      "step": 1708
    },
    {
      "epoch": 14.0,
      "eval_MAE": 11.77438735961914,
      "eval_MAE_dE0": 14.431230545043945,
      "eval_MAE_dH0": 9.117546081542969,
      "eval_R2": 0.6488507340569265,
      "eval_R2_dE0": 0.4312844653249872,
      "eval_R2_dH0": 0.8664170122586651,
      "eval_RMSE": 15.470826148986816,
      "eval_RMSE_dE0": 19.41608238220215,
      "eval_RMSE_dH0": 11.5255708694458,
      "eval_loss": 0.3158528506755829,
      "eval_runtime": 0.1746,
      "eval_samples_per_second": 652.82,
      "eval_scaled_MAE": 0.3975067138671875,
      "eval_scaled_MSE_loss": 0.3158528506755829,
      "eval_scaled_R2": 0.6488507492132807,
      "eval_scaled_RMSE": 0.524444043636322,
      "eval_steps_per_second": 45.812,
      "step": 1708
    },
    {
      "epoch": 15.0,
      "learning_rate": 5.4128967273616625e-05,
      "loss": 0.0479,
      "step": 1830
    },
    {
      "epoch": 15.0,
      "eval_MAE": 11.642613410949707,
      "eval_MAE_dE0": 14.155472755432129,
      "eval_MAE_dH0": 9.129758834838867,
      "eval_R2": 0.6458922169374594,
      "eval_R2_dE0": 0.4313322760266054,
      "eval_R2_dH0": 0.8604521673173164,
      "eval_RMSE": 15.597673416137695,
      "eval_RMSE_dE0": 19.415266036987305,
      "eval_RMSE_dH0": 11.780083656311035,
      "eval_loss": 0.31815168261528015,
      "eval_runtime": 0.1758,
      "eval_samples_per_second": 648.359,
      "eval_scaled_MAE": 0.39251869916915894,
      "eval_scaled_MSE_loss": 0.31815171241760254,
      "eval_scaled_R2": 0.6458922167517898,
      "eval_scaled_RMSE": 0.5279887914657593,
      "eval_steps_per_second": 45.499,
      "step": 1830
    },
    {
      "epoch": 16.0,
      "learning_rate": 4.8622282881591906e-05,
      "loss": 0.0465,
      "step": 1952
    },
    {
      "epoch": 16.0,
      "eval_MAE": 11.400291442871094,
      "eval_MAE_dE0": 14.235787391662598,
      "eval_MAE_dH0": 8.56479549407959,
      "eval_R2": 0.6533738959784183,
      "eval_R2_dE0": 0.43634069609371806,
      "eval_R2_dH0": 0.8704071052487256,
      "eval_RMSE": 15.340856552124023,
      "eval_RMSE_dE0": 19.329578399658203,
      "eval_RMSE_dH0": 11.352132797241211,
      "eval_loss": 0.3119542598724365,
      "eval_runtime": 0.1786,
      "eval_samples_per_second": 638.235,
      "eval_scaled_MAE": 0.3861188590526581,
      "eval_scaled_MSE_loss": 0.3119542598724365,
      "eval_scaled_R2": 0.6533738948075711,
      "eval_scaled_RMSE": 0.5203998684883118,
      "eval_steps_per_second": 44.788,
      "step": 1952
    },
    {
      "epoch": 17.0,
      "learning_rate": 4.3132322109079596e-05,
      "loss": 0.0417,
      "step": 2074
    },
    {
      "epoch": 17.0,
      "eval_MAE": 11.571832656860352,
      "eval_MAE_dE0": 14.13836669921875,
      "eval_MAE_dH0": 9.005295753479004,
      "eval_R2": 0.6549942928630716,
      "eval_R2_dE0": 0.44640411905848865,
      "eval_R2_dH0": 0.8635844758856934,
      "eval_RMSE": 15.401686668395996,
      "eval_RMSE_dE0": 19.15625,
      "eval_RMSE_dH0": 11.647125244140625,
      "eval_loss": 0.30993980169296265,
      "eval_runtime": 0.196,
      "eval_samples_per_second": 581.721,
      "eval_scaled_MAE": 0.39045771956443787,
      "eval_scaled_MSE_loss": 0.30993980169296265,
      "eval_scaled_R2": 0.6549942992451803,
      "eval_scaled_RMSE": 0.5212835073471069,
      "eval_steps_per_second": 40.823,
      "step": 2074
    },
    {
      "epoch": 18.0,
      "learning_rate": 3.772572564296005e-05,
      "loss": 0.0389,
      "step": 2196
    },
    {
      "epoch": 18.0,
      "eval_MAE": 11.775917053222656,
      "eval_MAE_dE0": 14.828191757202148,
      "eval_MAE_dH0": 8.723639488220215,
      "eval_R2": 0.6547288424917929,
      "eval_R2_dE0": 0.44201600233896854,
      "eval_R2_dH0": 0.8674416919357234,
      "eval_RMSE": 15.356649398803711,
      "eval_RMSE_dE0": 19.23202133178711,
      "eval_RMSE_dH0": 11.481280326843262,
      "eval_loss": 0.3104749321937561,
      "eval_runtime": 0.1759,
      "eval_samples_per_second": 648.082,
      "eval_scaled_MAE": 0.39942312240600586,
      "eval_scaled_MSE_loss": 0.3104749321937561,
      "eval_scaled_R2": 0.6547288406987395,
      "eval_scaled_RMSE": 0.5203812122344971,
      "eval_steps_per_second": 45.479,
      "step": 2196
    },
    {
      "epoch": 19.0,
      "learning_rate": 3.2468122240362284e-05,
      "loss": 0.0359,
      "step": 2318
    },
    {
      "epoch": 19.0,
      "eval_MAE": 11.658878326416016,
      "eval_MAE_dE0": 14.180445671081543,
      "eval_MAE_dH0": 9.137311935424805,
      "eval_R2": 0.6517893721073242,
      "eval_R2_dE0": 0.4452074657856552,
      "eval_R2_dH0": 0.8583712876669578,
      "eval_RMSE": 15.522266387939453,
      "eval_RMSE_dE0": 19.17694091796875,
      "eval_RMSE_dH0": 11.867588996887207,
      "eval_loss": 0.31252360343933105,
      "eval_runtime": 0.1836,
      "eval_samples_per_second": 621.033,
      "eval_scaled_MAE": 0.39309147000312805,
      "eval_scaled_MSE_loss": 0.3125235438346863,
      "eval_scaled_R2": 0.6517893782270918,
      "eval_scaled_RMSE": 0.5247542858123779,
      "eval_steps_per_second": 43.581,
      "step": 2318
    },
    {
      "epoch": 20.0,
      "learning_rate": 2.7423332084455544e-05,
      "loss": 0.0337,
      "step": 2440
    },
    {
      "epoch": 20.0,
      "eval_MAE": 11.502260208129883,
      "eval_MAE_dE0": 14.266209602355957,
      "eval_MAE_dH0": 8.738312721252441,
      "eval_R2": 0.66449696639865,
      "eval_R2_dE0": 0.45873092122697545,
      "eval_R2_dH0": 0.8702630205831073,
      "eval_RMSE": 15.150108337402344,
      "eval_RMSE_dE0": 18.941774368286133,
      "eval_RMSE_dH0": 11.358441352844238,
      "eval_loss": 0.3016217350959778,
      "eval_runtime": 0.1786,
      "eval_samples_per_second": 638.14,
      "eval_scaled_MAE": 0.38911503553390503,
      "eval_scaled_MSE_loss": 0.301621675491333,
      "eval_scaled_R2": 0.6644969680187931,
      "eval_scaled_RMSE": 0.5132330656051636,
      "eval_steps_per_second": 44.782,
      "step": 2440
    },
    {
      "epoch": 21.0,
      "learning_rate": 2.2652592093878666e-05,
      "loss": 0.0324,
      "step": 2562
    },
    {
      "epoch": 21.0,
      "eval_MAE": 11.259023666381836,
      "eval_MAE_dE0": 14.05069637298584,
      "eval_MAE_dH0": 8.467347145080566,
      "eval_R2": 0.6676694961051433,
      "eval_R2_dE0": 0.4571173501625603,
      "eval_R2_dH0": 0.8782216510873766,
      "eval_RMSE": 14.987263679504395,
      "eval_RMSE_dE0": 18.969987869262695,
      "eval_RMSE_dH0": 11.004539489746094,
      "eval_loss": 0.29927346110343933,
      "eval_runtime": 0.1831,
      "eval_samples_per_second": 622.555,
      "eval_scaled_MAE": 0.3812931180000305,
      "eval_scaled_MSE_loss": 0.2992735207080841,
      "eval_scaled_R2": 0.6676695000243608,
      "eval_scaled_RMSE": 0.5088107585906982,
      "eval_steps_per_second": 43.688,
      "step": 2562
    }
  ],
  "max_steps": 3660,
  "num_train_epochs": 30,
  "total_flos": 59758719390720.0,
  "trial_name": null,
  "trial_params": null
}
