{
  "best_metric": 0.12842313945293427,
  "best_model_checkpoint": "fine_tune/checkpoint-14444",
  "epoch": 23.0,
  "global_step": 14444,
  "is_hyper_param_search": false,
  "is_local_process_zero": true,
  "is_world_process_zero": true,
  "log_history": [
    {
      "epoch": 1.0,
      "learning_rate": 6.656050955414013e-05,
      "loss": 0.6756,
      "step": 628
    },
    {
      "epoch": 1.0,
      "eval_MAE": 6.951231002807617,
      "eval_MAE_DeltaG_EP_gas_molar_kcal_mol": 6.8706583976745605,
      "eval_MAE_DeltaG_ET_gas_molar_kcal_mol": 7.031798839569092,
      "eval_R2": 0.6881101184317939,
      "eval_R2_DeltaG_EP_gas_molar_kcal_mol": 0.6018042190993839,
      "eval_R2_DeltaG_ET_gas_molar_kcal_mol": 0.774416017764204,
      "eval_RMSE": 10.14222240447998,
      "eval_RMSE_DeltaG_EP_gas_molar_kcal_mol": 10.376760482788086,
      "eval_RMSE_DeltaG_ET_gas_molar_kcal_mol": 9.907686233520508,
      "eval_loss": 0.2947068512439728,
      "eval_runtime": 0.4085,
      "eval_samples_per_second": 1444.204,
      "eval_scaled_MAE": 0.3682807683944702,
      "eval_scaled_MSE_loss": 0.29470688104629517,
      "eval_scaled_R2": 0.6881101152166709,
      "eval_scaled_RMSE": 0.5391207933425903,
      "eval_steps_per_second": 90.569,
      "step": 628
    },
    {
      "epoch": 2.0,
      "learning_rate": 9.99245585236519e-05,
      "loss": 0.2531,
      "step": 1256
    },
    {
      "epoch": 2.0,
      "eval_MAE": 5.216581344604492,
      "eval_MAE_DeltaG_EP_gas_molar_kcal_mol": 5.413736343383789,
      "eval_MAE_DeltaG_ET_gas_molar_kcal_mol": 5.019428730010986,
      "eval_R2": 0.8010413899834634,
      "eval_R2_DeltaG_EP_gas_molar_kcal_mol": 0.7401320759781584,
      "eval_R2_DeltaG_ET_gas_molar_kcal_mol": 0.8619507039887684,
      "eval_RMSE": 8.066704750061035,
      "eval_RMSE_DeltaG_EP_gas_molar_kcal_mol": 8.382813453674316,
      "eval_RMSE_DeltaG_ET_gas_molar_kcal_mol": 7.750597953796387,
      "eval_loss": 0.187735453248024,
      "eval_runtime": 0.3858,
      "eval_samples_per_second": 1529.241,
      "eval_scaled_MAE": 0.2776797115802765,
      "eval_scaled_MSE_loss": 0.18773546814918518,
      "eval_scaled_R2": 0.8010413868540877,
      "eval_scaled_RMSE": 0.42944902181625366,
      "eval_steps_per_second": 95.902,
      "step": 1256
    },
    {
      "epoch": 3.0,
      "learning_rate": 9.931950895490353e-05,
      "loss": 0.1716,
      "step": 1884
    },
    {
      "epoch": 3.0,
      "eval_MAE": 4.333782196044922,
      "eval_MAE_DeltaG_EP_gas_molar_kcal_mol": 4.343783855438232,
      "eval_MAE_DeltaG_ET_gas_molar_kcal_mol": 4.323781490325928,
      "eval_R2": 0.838599967704166,
      "eval_R2_DeltaG_EP_gas_molar_kcal_mol": 0.8064762343535036,
      "eval_R2_DeltaG_ET_gas_molar_kcal_mol": 0.8707237010548285,
      "eval_RMSE": 7.367159366607666,
      "eval_RMSE_DeltaG_EP_gas_molar_kcal_mol": 7.234035491943359,
      "eval_RMSE_DeltaG_ET_gas_molar_kcal_mol": 7.50028133392334,
      "eval_loss": 0.15306895971298218,
      "eval_runtime": 0.4115,
      "eval_samples_per_second": 1433.616,
      "eval_scaled_MAE": 0.22991099953651428,
      "eval_scaled_MSE_loss": 0.15306895971298218,
      "eval_scaled_R2": 0.8385999664097603,
      "eval_scaled_RMSE": 0.3900759220123291,
      "eval_steps_per_second": 89.905,
      "step": 1884
    },
    {
      "epoch": 4.0,
      "learning_rate": 9.811578735742e-05,
      "loss": 0.135,
      "step": 2512
    },
    {
      "epoch": 4.0,
      "eval_MAE": 4.425006866455078,
      "eval_MAE_DeltaG_EP_gas_molar_kcal_mol": 4.325933456420898,
      "eval_MAE_DeltaG_ET_gas_molar_kcal_mol": 4.524082183837891,
      "eval_R2": 0.8256884265252317,
      "eval_R2_DeltaG_EP_gas_molar_kcal_mol": 0.7920904604792287,
      "eval_R2_DeltaG_ET_gas_molar_kcal_mol": 0.8592863925712346,
      "eval_RMSE": 7.661561012268066,
      "eval_RMSE_DeltaG_EP_gas_molar_kcal_mol": 7.498090744018555,
      "eval_RMSE_DeltaG_ET_gas_molar_kcal_mol": 7.825032711029053,
      "eval_loss": 0.16536304354667664,
      "eval_runtime": 0.4025,
      "eval_samples_per_second": 1465.97,
      "eval_scaled_MAE": 0.23419849574565887,
      "eval_scaled_MSE_loss": 0.16536305844783783,
      "eval_scaled_R2": 0.8256884258932693,
      "eval_scaled_RMSE": 0.405537486076355,
      "eval_steps_per_second": 91.934,
      "step": 2512
    },
    {
      "epoch": 5.0,
      "learning_rate": 9.632800528079024e-05,
      "loss": 0.1158,
      "step": 3140
    },
    {
      "epoch": 5.0,
      "eval_MAE": 4.016684055328369,
      "eval_MAE_DeltaG_EP_gas_molar_kcal_mol": 3.968895673751831,
      "eval_MAE_DeltaG_ET_gas_molar_kcal_mol": 4.0644731521606445,
      "eval_R2": 0.8458793378687813,
      "eval_R2_DeltaG_EP_gas_molar_kcal_mol": 0.8195075176030064,
      "eval_R2_DeltaG_ET_gas_molar_kcal_mol": 0.8722511581345562,
      "eval_RMSE": 7.221036911010742,
      "eval_RMSE_DeltaG_EP_gas_molar_kcal_mol": 6.986232757568359,
      "eval_RMSE_DeltaG_ET_gas_molar_kcal_mol": 7.455840587615967,
      "eval_loss": 0.14635784924030304,
      "eval_runtime": 0.4493,
      "eval_samples_per_second": 1313.12,
      "eval_scaled_MAE": 0.212800532579422,
      "eval_scaled_MSE_loss": 0.14635784924030304,
      "eval_scaled_R2": 0.8458793328758215,
      "eval_scaled_RMSE": 0.38181188702583313,
      "eval_steps_per_second": 82.348,
      "step": 3140
    },
    {
      "epoch": 6.0,
      "learning_rate": 9.397786397763077e-05,
      "loss": 0.1017,
      "step": 3768
    },
    {
      "epoch": 6.0,
      "eval_MAE": 4.735657691955566,
      "eval_MAE_DeltaG_EP_gas_molar_kcal_mol": 4.367162704467773,
      "eval_MAE_DeltaG_ET_gas_molar_kcal_mol": 5.104155540466309,
      "eval_R2": 0.8508580408077749,
      "eval_R2_DeltaG_EP_gas_molar_kcal_mol": 0.8316224809399095,
      "eval_R2_DeltaG_ET_gas_molar_kcal_mol": 0.8700936006756403,
      "eval_RMSE": 7.13311767578125,
      "eval_RMSE_DeltaG_EP_gas_molar_kcal_mol": 6.747696399688721,
      "eval_RMSE_DeltaG_ET_gas_molar_kcal_mol": 7.518537521362305,
      "eval_loss": 0.14191105961799622,
      "eval_runtime": 0.397,
      "eval_samples_per_second": 1486.328,
      "eval_scaled_MAE": 0.24931387603282928,
      "eval_scaled_MSE_loss": 0.14191105961799622,
      "eval_scaled_R2": 0.8508580404867374,
      "eval_scaled_RMSE": 0.3763878643512726,
      "eval_steps_per_second": 93.21,
      "step": 3768
    },
    {
      "epoch": 7.0,
      "learning_rate": 9.109389097977617e-05,
      "loss": 0.0902,
      "step": 4396
    },
    {
      "epoch": 7.0,
      "eval_MAE": 3.8462023735046387,
      "eval_MAE_DeltaG_EP_gas_molar_kcal_mol": 3.944666862487793,
      "eval_MAE_DeltaG_ET_gas_molar_kcal_mol": 3.7477424144744873,
      "eval_R2": 0.8524778288267993,
      "eval_R2_DeltaG_EP_gas_molar_kcal_mol": 0.8176931075088795,
      "eval_R2_DeltaG_ET_gas_molar_kcal_mol": 0.8872625501447193,
      "eval_RMSE": 7.012679100036621,
      "eval_RMSE_DeltaG_EP_gas_molar_kcal_mol": 7.021259784698486,
      "eval_RMSE_DeltaG_ET_gas_molar_kcal_mol": 7.004097938537598,
      "eval_loss": 0.13966481387615204,
      "eval_runtime": 0.3985,
      "eval_samples_per_second": 1480.578,
      "eval_scaled_MAE": 0.2044973075389862,
      "eval_scaled_MSE_loss": 0.13966481387615204,
      "eval_scaled_R2": 0.8524778249795532,
      "eval_scaled_RMSE": 0.3719905614852905,
      "eval_steps_per_second": 92.85,
      "step": 4396
    },
    {
      "epoch": 8.0,
      "learning_rate": 8.771685597465301e-05,
      "loss": 0.0808,
      "step": 5024
    },
    {
      "epoch": 8.0,
      "eval_MAE": 3.711495876312256,
      "eval_MAE_DeltaG_EP_gas_molar_kcal_mol": 3.774648666381836,
      "eval_MAE_DeltaG_ET_gas_molar_kcal_mol": 3.6483423709869385,
      "eval_R2": 0.8567398494288991,
      "eval_R2_DeltaG_EP_gas_molar_kcal_mol": 0.8290736083884007,
      "eval_R2_DeltaG_ET_gas_molar_kcal_mol": 0.8844060904693977,
      "eval_RMSE": 6.945426940917969,
      "eval_RMSE_DeltaG_EP_gas_molar_kcal_mol": 6.798577785491943,
      "eval_RMSE_DeltaG_ET_gas_molar_kcal_mol": 7.092275142669678,
      "eval_loss": 0.1359032839536667,
      "eval_runtime": 0.4104,
      "eval_samples_per_second": 1437.549,
      "eval_scaled_MAE": 0.19717399775981903,
      "eval_scaled_MSE_loss": 0.13590331375598907,
      "eval_scaled_R2": 0.8567398492228617,
      "eval_scaled_RMSE": 0.36763814091682434,
      "eval_steps_per_second": 90.151,
      "step": 5024
    },
    {
      "epoch": 9.0,
      "learning_rate": 8.387699047819074e-05,
      "loss": 0.074,
      "step": 5652
    },
    {
      "epoch": 9.0,
      "eval_MAE": 4.070111274719238,
      "eval_MAE_DeltaG_EP_gas_molar_kcal_mol": 4.084966659545898,
      "eval_MAE_DeltaG_ET_gas_molar_kcal_mol": 4.05525541305542,
      "eval_R2": 0.8420838842319995,
      "eval_R2_DeltaG_EP_gas_molar_kcal_mol": 0.8133889002443827,
      "eval_R2_DeltaG_ET_gas_molar_kcal_mol": 0.8707788682196163,
      "eval_RMSE": 7.301170825958252,
      "eval_RMSE_DeltaG_EP_gas_molar_kcal_mol": 7.103661060333252,
      "eval_RMSE_DeltaG_ET_gas_molar_kcal_mol": 7.49868106842041,
      "eval_loss": 0.14988724887371063,
      "eval_runtime": 0.3915,
      "eval_samples_per_second": 1507.051,
      "eval_scaled_MAE": 0.21595069766044617,
      "eval_scaled_MSE_loss": 0.14988724887371063,
      "eval_scaled_R2": 0.8420838804586768,
      "eval_scaled_RMSE": 0.3862506151199341,
      "eval_steps_per_second": 94.51,
      "step": 5652
    },
    {
      "epoch": 10.0,
      "learning_rate": 7.962590420831068e-05,
      "loss": 0.0676,
      "step": 6280
    },
    {
      "epoch": 10.0,
      "eval_MAE": 3.8440756797790527,
      "eval_MAE_DeltaG_EP_gas_molar_kcal_mol": 3.795175552368164,
      "eval_MAE_DeltaG_ET_gas_molar_kcal_mol": 3.892971992492676,
      "eval_R2": 0.8490225652816366,
      "eval_R2_DeltaG_EP_gas_molar_kcal_mol": 0.8206126984446329,
      "eval_R2_DeltaG_ET_gas_molar_kcal_mol": 0.8774324321186403,
      "eval_RMSE": 7.133945465087891,
      "eval_RMSE_DeltaG_EP_gas_molar_kcal_mol": 6.964811325073242,
      "eval_RMSE_DeltaG_ET_gas_molar_kcal_mol": 7.303077697753906,
      "eval_loss": 0.14325770735740662,
      "eval_runtime": 0.4329,
      "eval_samples_per_second": 1362.862,
      "eval_scaled_MAE": 0.20363977551460266,
      "eval_scaled_MSE_loss": 0.14325769245624542,
      "eval_scaled_R2": 0.8490225614741189,
      "eval_scaled_RMSE": 0.37752437591552734,
      "eval_steps_per_second": 85.468,
      "step": 6280
    },
    {
      "epoch": 11.0,
      "learning_rate": 7.502279823452485e-05,
      "loss": 0.0611,
      "step": 6908
    },
    {
      "epoch": 11.0,
      "eval_MAE": 3.6978554725646973,
      "eval_MAE_DeltaG_EP_gas_molar_kcal_mol": 3.7616095542907715,
      "eval_MAE_DeltaG_ET_gas_molar_kcal_mol": 3.6340997219085693,
      "eval_R2": 0.8475608126946542,
      "eval_R2_DeltaG_EP_gas_molar_kcal_mol": 0.8108980259745328,
      "eval_R2_DeltaG_ET_gas_molar_kcal_mol": 0.8842235994147757,
      "eval_RMSE": 7.124392509460449,
      "eval_RMSE_DeltaG_EP_gas_molar_kcal_mol": 7.150913238525391,
      "eval_RMSE_DeltaG_ET_gas_molar_kcal_mol": 7.09787130355835,
      "eval_loss": 0.14428779482841492,
      "eval_runtime": 0.4332,
      "eval_samples_per_second": 1362.109,
      "eval_scaled_MAE": 0.19645355641841888,
      "eval_scaled_MSE_loss": 0.14428779482841492,
      "eval_scaled_R2": 0.8475608109682458,
      "eval_scaled_RMSE": 0.37800630927085876,
      "eval_steps_per_second": 85.42,
      "step": 6908
    },
    {
      "epoch": 12.0,
      "learning_rate": 7.010887996847103e-05,
      "loss": 0.0554,
      "step": 7536
    },
    {
      "epoch": 12.0,
      "eval_MAE": 3.5122933387756348,
      "eval_MAE_DeltaG_EP_gas_molar_kcal_mol": 3.619602918624878,
      "eval_MAE_DeltaG_ET_gas_molar_kcal_mol": 3.4049861431121826,
      "eval_R2": 0.861577330353883,
      "eval_R2_DeltaG_EP_gas_molar_kcal_mol": 0.82955263869404,
      "eval_R2_DeltaG_ET_gas_molar_kcal_mol": 0.8936020220137258,
      "eval_RMSE": 6.796683311462402,
      "eval_RMSE_DeltaG_EP_gas_molar_kcal_mol": 6.789044380187988,
      "eval_RMSE_DeltaG_ET_gas_molar_kcal_mol": 6.8043212890625,
      "eval_loss": 0.13107745349407196,
      "eval_runtime": 0.4336,
      "eval_samples_per_second": 1360.549,
      "eval_scaled_MAE": 0.18683163821697235,
      "eval_scaled_MSE_loss": 0.13107745349407196,
      "eval_scaled_R2": 0.8615773310828663,
      "eval_scaled_RMSE": 0.3604522943496704,
      "eval_steps_per_second": 85.323,
      "step": 7536
    },
    {
      "epoch": 13.0,
      "learning_rate": 6.495086713981067e-05,
      "loss": 0.0492,
      "step": 8164
    },
    {
      "epoch": 13.0,
      "eval_MAE": 3.4212586879730225,
      "eval_MAE_DeltaG_EP_gas_molar_kcal_mol": 3.4178013801574707,
      "eval_MAE_DeltaG_ET_gas_molar_kcal_mol": 3.4247164726257324,
      "eval_R2": 0.8629620612377003,
      "eval_R2_DeltaG_EP_gas_molar_kcal_mol": 0.8353407751910882,
      "eval_R2_DeltaG_ET_gas_molar_kcal_mol": 0.8905833472843123,
      "eval_RMSE": 6.786472797393799,
      "eval_RMSE_DeltaG_EP_gas_molar_kcal_mol": 6.6727752685546875,
      "eval_RMSE_DeltaG_ET_gas_molar_kcal_mol": 6.900170803070068,
      "eval_loss": 0.12994888424873352,
      "eval_runtime": 0.4061,
      "eval_samples_per_second": 1452.767,
      "eval_scaled_MAE": 0.18144357204437256,
      "eval_scaled_MSE_loss": 0.12994888424873352,
      "eval_scaled_R2": 0.8629620605371784,
      "eval_scaled_RMSE": 0.3593749403953552,
      "eval_steps_per_second": 91.106,
      "step": 8164
    },
    {
      "epoch": 14.0,
      "learning_rate": 5.961137103705436e-05,
      "loss": 0.0432,
      "step": 8792
    },
    {
      "epoch": 14.0,
      "eval_MAE": 3.2438368797302246,
      "eval_MAE_DeltaG_EP_gas_molar_kcal_mol": 3.3583173751831055,
      "eval_MAE_DeltaG_ET_gas_molar_kcal_mol": 3.12935733795166,
      "eval_R2": 0.8584615906929209,
      "eval_R2_DeltaG_EP_gas_molar_kcal_mol": 0.8225965757428928,
      "eval_R2_DeltaG_ET_gas_molar_kcal_mol": 0.8943266056429492,
      "eval_RMSE": 6.853652000427246,
      "eval_RMSE_DeltaG_EP_gas_molar_kcal_mol": 6.926191329956055,
      "eval_RMSE_DeltaG_ET_gas_molar_kcal_mol": 6.7811126708984375,
      "eval_loss": 0.13388830423355103,
      "eval_runtime": 0.4006,
      "eval_samples_per_second": 1472.908,
      "eval_scaled_MAE": 0.17262917757034302,
      "eval_scaled_MSE_loss": 0.13388831913471222,
      "eval_scaled_R2": 0.8584615853050847,
      "eval_scaled_RMSE": 0.3638790249824524,
      "eval_steps_per_second": 92.369,
      "step": 8792
    },
    {
      "epoch": 15.0,
      "learning_rate": 5.415520590981645e-05,
      "loss": 0.0404,
      "step": 9420
    },
    {
      "epoch": 15.0,
      "eval_MAE": 3.309941291809082,
      "eval_MAE_DeltaG_EP_gas_molar_kcal_mol": 3.4036364555358887,
      "eval_MAE_DeltaG_ET_gas_molar_kcal_mol": 3.2162468433380127,
      "eval_R2": 0.8435698391327581,
      "eval_R2_DeltaG_EP_gas_molar_kcal_mol": 0.8023564168302404,
      "eval_R2_DeltaG_ET_gas_molar_kcal_mol": 0.8847832614352757,
      "eval_RMSE": 7.195662498474121,
      "eval_RMSE_DeltaG_EP_gas_molar_kcal_mol": 7.310630798339844,
      "eval_RMSE_DeltaG_ET_gas_molar_kcal_mol": 7.080695152282715,
      "eval_loss": 0.14790470898151398,
      "eval_runtime": 0.4602,
      "eval_samples_per_second": 1282.071,
      "eval_scaled_MAE": 0.17603018879890442,
      "eval_scaled_MSE_loss": 0.14790470898151398,
      "eval_scaled_R2": 0.8435698315798918,
      "eval_scaled_RMSE": 0.3822334408760071,
      "eval_steps_per_second": 80.401,
      "step": 9420
    },
    {
      "epoch": 16.0,
      "learning_rate": 4.8648602211624466e-05,
      "loss": 0.0369,
      "step": 10048
    },
    {
      "epoch": 16.0,
      "eval_MAE": 3.414088726043701,
      "eval_MAE_DeltaG_EP_gas_molar_kcal_mol": 3.3712093830108643,
      "eval_MAE_DeltaG_ET_gas_molar_kcal_mol": 3.45697021484375,
      "eval_R2": 0.856933797451134,
      "eval_R2_DeltaG_EP_gas_molar_kcal_mol": 0.8254995770823769,
      "eval_R2_DeltaG_ET_gas_molar_kcal_mol": 0.8883680178198909,
      "eval_RMSE": 6.919480800628662,
      "eval_RMSE_DeltaG_EP_gas_molar_kcal_mol": 6.869287967681885,
      "eval_RMSE_DeltaG_ET_gas_molar_kcal_mol": 6.9696736335754395,
      "eval_loss": 0.13554905354976654,
      "eval_runtime": 0.4078,
      "eval_samples_per_second": 1446.762,
      "eval_scaled_MAE": 0.1808640956878662,
      "eval_scaled_MSE_loss": 0.13554905354976654,
      "eval_scaled_R2": 0.856933792578434,
      "eval_scaled_RMSE": 0.3667503595352173,
      "eval_steps_per_second": 90.729,
      "step": 10048
    },
    {
      "epoch": 17.0,
      "learning_rate": 4.315840265193142e-05,
      "loss": 0.0324,
      "step": 10676
    },
    {
      "epoch": 17.0,
      "eval_MAE": 3.3209915161132812,
      "eval_MAE_DeltaG_EP_gas_molar_kcal_mol": 3.365615129470825,
      "eval_MAE_DeltaG_ET_gas_molar_kcal_mol": 3.2763671875,
      "eval_R2": 0.8574290670677474,
      "eval_R2_DeltaG_EP_gas_molar_kcal_mol": 0.825426209113689,
      "eval_R2_DeltaG_ET_gas_molar_kcal_mol": 0.8894319250218056,
      "eval_RMSE": 6.903555870056152,
      "eval_RMSE_DeltaG_EP_gas_molar_kcal_mol": 6.870731353759766,
      "eval_RMSE_DeltaG_ET_gas_molar_kcal_mol": 6.936381816864014,
      "eval_loss": 0.135049507021904,
      "eval_runtime": 0.4055,
      "eval_samples_per_second": 1454.826,
      "eval_scaled_MAE": 0.17636838555335999,
      "eval_scaled_MSE_loss": 0.13504952192306519,
      "eval_scaled_R2": 0.8574290635944963,
      "eval_scaled_RMSE": 0.36599355936050415,
      "eval_steps_per_second": 91.235,
      "step": 10676
    },
    {
      "epoch": 18.0,
      "learning_rate": 3.7759759962356475e-05,
      "loss": 0.0296,
      "step": 11304
    },
    {
      "epoch": 18.0,
      "eval_MAE": 3.209331512451172,
      "eval_MAE_DeltaG_EP_gas_molar_kcal_mol": 3.2120416164398193,
      "eval_MAE_DeltaG_ET_gas_molar_kcal_mol": 3.206620216369629,
      "eval_R2": 0.8539788618931345,
      "eval_R2_DeltaG_EP_gas_molar_kcal_mol": 0.8160131194992896,
      "eval_R2_DeltaG_ET_gas_molar_kcal_mol": 0.8919446042869795,
      "eval_RMSE": 6.955325603485107,
      "eval_RMSE_DeltaG_EP_gas_molar_kcal_mol": 7.053536415100098,
      "eval_RMSE_DeltaG_ET_gas_molar_kcal_mol": 6.857113838195801,
      "eval_loss": 0.13808558881282806,
      "eval_runtime": 0.4444,
      "eval_samples_per_second": 1327.633,
      "eval_scaled_MAE": 0.17023424804210663,
      "eval_scaled_MSE_loss": 0.13808557391166687,
      "eval_scaled_R2": 0.8539788587846726,
      "eval_scaled_RMSE": 0.3694014251232147,
      "eval_steps_per_second": 83.258,
      "step": 11304
    },
    {
      "epoch": 19.0,
      "learning_rate": 3.25010032695506e-05,
      "loss": 0.0279,
      "step": 11932
    },
    {
      "epoch": 19.0,
      "eval_MAE": 3.144902229309082,
      "eval_MAE_DeltaG_EP_gas_molar_kcal_mol": 3.2882087230682373,
      "eval_MAE_DeltaG_ET_gas_molar_kcal_mol": 3.001594066619873,
      "eval_R2": 0.856041087647278,
      "eval_R2_DeltaG_EP_gas_molar_kcal_mol": 0.8151052757104993,
      "eval_R2_DeltaG_ET_gas_molar_kcal_mol": 0.8969768995840568,
      "eval_RMSE": 6.88322639465332,
      "eval_RMSE_DeltaG_EP_gas_molar_kcal_mol": 7.070917129516602,
      "eval_RMSE_DeltaG_ET_gas_molar_kcal_mol": 6.695537090301514,
      "eval_loss": 0.1359785497188568,
      "eval_runtime": 0.4509,
      "eval_samples_per_second": 1308.369,
      "eval_scaled_MAE": 0.16752733290195465,
      "eval_scaled_MSE_loss": 0.1359785497188568,
      "eval_scaled_R2": 0.8560410853475198,
      "eval_scaled_RMSE": 0.3660295009613037,
      "eval_steps_per_second": 82.05,
      "step": 11932
    },
    {
      "epoch": 20.0,
      "learning_rate": 2.7454660692283206e-05,
      "loss": 0.0246,
      "step": 12560
    },
    {
      "epoch": 20.0,
      "eval_MAE": 3.214190721511841,
      "eval_MAE_DeltaG_EP_gas_molar_kcal_mol": 3.3960561752319336,
      "eval_MAE_DeltaG_ET_gas_molar_kcal_mol": 3.0323259830474854,
      "eval_R2": 0.8547430164431504,
      "eval_R2_DeltaG_EP_gas_molar_kcal_mol": 0.8103319448494448,
      "eval_R2_DeltaG_ET_gas_molar_kcal_mol": 0.8991540880368561,
      "eval_RMSE": 6.893009662628174,
      "eval_RMSE_DeltaG_EP_gas_molar_kcal_mol": 7.1616082191467285,
      "eval_RMSE_DeltaG_ET_gas_molar_kcal_mol": 6.624411106109619,
      "eval_loss": 0.13706572353839874,
      "eval_runtime": 0.4308,
      "eval_samples_per_second": 1369.676,
      "eval_scaled_MAE": 0.1713971197605133,
      "eval_scaled_MSE_loss": 0.13706572353839874,
      "eval_scaled_R2": 0.8547430130900939,
      "eval_scaled_RMSE": 0.36695700883865356,
      "eval_steps_per_second": 85.895,
      "step": 12560
    },
    {
      "epoch": 21.0,
      "learning_rate": 2.268198799348552e-05,
      "loss": 0.0231,
      "step": 13188
    },
    {
      "epoch": 21.0,
      "eval_MAE": 3.1172361373901367,
      "eval_MAE_DeltaG_EP_gas_molar_kcal_mol": 3.2579009532928467,
      "eval_MAE_DeltaG_ET_gas_molar_kcal_mol": 2.9765706062316895,
      "eval_R2": 0.8542213069571594,
      "eval_R2_DeltaG_EP_gas_molar_kcal_mol": 0.8130816807687005,
      "eval_R2_DeltaG_ET_gas_molar_kcal_mol": 0.8953609331456184,
      "eval_RMSE": 6.928674221038818,
      "eval_RMSE_DeltaG_EP_gas_molar_kcal_mol": 7.109506130218506,
      "eval_RMSE_DeltaG_ET_gas_molar_kcal_mol": 6.747844219207764,
      "eval_loss": 0.13771149516105652,
      "eval_runtime": 0.4059,
      "eval_samples_per_second": 1453.546,
      "eval_scaled_MAE": 0.16604653000831604,
      "eval_scaled_MSE_loss": 0.13771149516105652,
      "eval_scaled_R2": 0.8542213020811836,
      "eval_scaled_RMSE": 0.3684053421020508,
      "eval_steps_per_second": 91.155,
      "step": 13188
    },
    {
      "epoch": 22.0,
      "learning_rate": 1.8247697992493397e-05,
      "loss": 0.0223,
      "step": 13816
    },
    {
      "epoch": 22.0,
      "eval_MAE": 3.0248141288757324,
      "eval_MAE_DeltaG_EP_gas_molar_kcal_mol": 3.128054141998291,
      "eval_MAE_DeltaG_ET_gas_molar_kcal_mol": 2.9215736389160156,
      "eval_R2": 0.853654634189016,
      "eval_R2_DeltaG_EP_gas_molar_kcal_mol": 0.8121540331542904,
      "eval_R2_DeltaG_ET_gas_molar_kcal_mol": 0.8951552352237416,
      "eval_RMSE": 6.940798759460449,
      "eval_RMSE_DeltaG_EP_gas_molar_kcal_mol": 7.1271257400512695,
      "eval_RMSE_DeltaG_ET_gas_molar_kcal_mol": 6.7544732093811035,
      "eval_loss": 0.13823780417442322,
      "eval_runtime": 0.4547,
      "eval_samples_per_second": 1297.634,
      "eval_scaled_MAE": 0.1609554886817932,
      "eval_scaled_MSE_loss": 0.1382378190755844,
      "eval_scaled_R2": 0.8536546278640224,
      "eval_scaled_RMSE": 0.3690761923789978,
      "eval_steps_per_second": 81.377,
      "step": 13816
    },
    {
      "epoch": 23.0,
      "learning_rate": 1.4191486845431179e-05,
      "loss": 0.0205,
      "step": 14444
    },
    {
      "epoch": 23.0,
      "eval_MAE": 2.983696937561035,
      "eval_MAE_DeltaG_EP_gas_molar_kcal_mol": 3.051581382751465,
      "eval_MAE_DeltaG_ET_gas_molar_kcal_mol": 2.91581130027771,
      "eval_R2": 0.8642079017378532,
      "eval_R2_DeltaG_EP_gas_molar_kcal_mol": 0.8291407115029539,
      "eval_R2_DeltaG_ET_gas_molar_kcal_mol": 0.8992750919727527,
      "eval_RMSE": 6.70883846282959,
      "eval_RMSE_DeltaG_EP_gas_molar_kcal_mol": 6.797243118286133,
      "eval_RMSE_DeltaG_ET_gas_molar_kcal_mol": 6.6204352378845215,
      "eval_loss": 0.12842313945293427,
      "eval_runtime": 0.4037,
      "eval_samples_per_second": 1461.508,
      "eval_scaled_MAE": 0.158596009016037,
      "eval_scaled_MSE_loss": 0.12842312455177307,
      "eval_scaled_R2": 0.86420790044479,
      "eval_scaled_RMSE": 0.3562784790992737,
      "eval_steps_per_second": 91.654,
      "step": 14444
    }
  ],
  "max_steps": 18840,
  "num_train_epochs": 30,
  "total_flos": 338641535139840.0,
  "trial_name": null,
  "trial_params": null
}
