{
  "best_metric": 0.07748856395483017,
  "best_model_checkpoint": "fine_tune/checkpoint-13230",
  "epoch": 21.0,
  "global_step": 13230,
  "is_hyper_param_search": false,
  "is_local_process_zero": true,
  "is_world_process_zero": true,
  "log_history": [
    {
      "epoch": 1.0,
      "learning_rate": 6.656084656084657e-05,
      "loss": 0.6709,
      "step": 630
    },
    {
      "epoch": 1.0,
      "eval_MAE": 6.4371490478515625,
      "eval_MAE_DeltaG_EP_gas_molar_kcal_mol": 6.957972049713135,
      "eval_MAE_DeltaG_ET_gas_molar_kcal_mol": 5.91632604598999,
      "eval_R2": 0.5489640438405972,
      "eval_R2_DeltaG_EP_gas_molar_kcal_mol": 0.6306869094439698,
      "eval_R2_DeltaG_ET_gas_molar_kcal_mol": 0.4672411901855483,
      "eval_RMSE": 8.617338180541992,
      "eval_RMSE_DeltaG_EP_gas_molar_kcal_mol": 9.351018905639648,
      "eval_RMSE_DeltaG_ET_gas_molar_kcal_mol": 7.883657455444336,
      "eval_loss": 0.2101803719997406,
      "eval_runtime": 0.4128,
      "eval_samples_per_second": 1526.147,
      "eval_scaled_MAE": 0.33783406019210815,
      "eval_scaled_MSE_loss": 0.2101803719997406,
      "eval_scaled_R2": 0.5489640493937782,
      "eval_scaled_RMSE": 0.4524068534374237,
      "eval_steps_per_second": 96.898,
      "step": 630
    },
    {
      "epoch": 2.0,
      "learning_rate": 9.992455699369844e-05,
      "loss": 0.2656,
      "step": 1260
    },
    {
      "epoch": 2.0,
      "eval_MAE": 4.691639423370361,
      "eval_MAE_DeltaG_EP_gas_molar_kcal_mol": 4.539450645446777,
      "eval_MAE_DeltaG_ET_gas_molar_kcal_mol": 4.843826770782471,
      "eval_R2": 0.7192306760291886,
      "eval_R2_DeltaG_EP_gas_molar_kcal_mol": 0.8056382504391062,
      "eval_R2_DeltaG_ET_gas_molar_kcal_mol": 0.632823109854045,
      "eval_RMSE": 6.664279937744141,
      "eval_RMSE_DeltaG_EP_gas_molar_kcal_mol": 6.783705711364746,
      "eval_RMSE_DeltaG_ET_gas_molar_kcal_mol": 6.54485559463501,
      "eval_loss": 0.12226448953151703,
      "eval_runtime": 0.421,
      "eval_samples_per_second": 1496.393,
      "eval_scaled_MAE": 0.24400725960731506,
      "eval_scaled_MSE_loss": 0.12226447463035583,
      "eval_scaled_R2": 0.7192306781518818,
      "eval_scaled_RMSE": 0.34800273180007935,
      "eval_steps_per_second": 95.009,
      "step": 1260
    },
    {
      "epoch": 3.0,
      "learning_rate": 9.931950437386411e-05,
      "loss": 0.1854,
      "step": 1890
    },
    {
      "epoch": 3.0,
      "eval_MAE": 3.514848232269287,
      "eval_MAE_DeltaG_EP_gas_molar_kcal_mol": 3.7649850845336914,
      "eval_MAE_DeltaG_ET_gas_molar_kcal_mol": 3.2647104263305664,
      "eval_R2": 0.8195752318308067,
      "eval_R2_DeltaG_EP_gas_molar_kcal_mol": 0.8412856224469631,
      "eval_R2_DeltaG_ET_gas_molar_kcal_mol": 0.7978648457479893,
      "eval_RMSE": 5.493091106414795,
      "eval_RMSE_DeltaG_EP_gas_molar_kcal_mol": 6.130130290985107,
      "eval_RMSE_DeltaG_ET_gas_molar_kcal_mol": 4.856051921844482,
      "eval_loss": 0.08672596514225006,
      "eval_runtime": 0.3854,
      "eval_samples_per_second": 1634.491,
      "eval_scaled_MAE": 0.184323251247406,
      "eval_scaled_MSE_loss": 0.08672597259283066,
      "eval_scaled_R2": 0.8195752311354096,
      "eval_scaled_RMSE": 0.28909191489219666,
      "eval_steps_per_second": 103.777,
      "step": 1890
    },
    {
      "epoch": 4.0,
      "learning_rate": 9.811577978090223e-05,
      "loss": 0.1482,
      "step": 2520
    },
    {
      "epoch": 4.0,
      "eval_MAE": 3.6483922004699707,
      "eval_MAE_DeltaG_EP_gas_molar_kcal_mol": 3.65407133102417,
      "eval_MAE_DeltaG_ET_gas_molar_kcal_mol": 3.6427114009857178,
      "eval_R2": 0.7978405874819395,
      "eval_R2_DeltaG_EP_gas_molar_kcal_mol": 0.8407944126921708,
      "eval_R2_DeltaG_ET_gas_molar_kcal_mol": 0.7548867677689282,
      "eval_RMSE": 5.743524074554443,
      "eval_RMSE_DeltaG_EP_gas_molar_kcal_mol": 6.139609336853027,
      "eval_RMSE_DeltaG_ET_gas_molar_kcal_mol": 5.347438335418701,
      "eval_loss": 0.09267944097518921,
      "eval_runtime": 0.4003,
      "eval_samples_per_second": 1573.701,
      "eval_scaled_MAE": 0.19026660919189453,
      "eval_scaled_MSE_loss": 0.09267944097518921,
      "eval_scaled_R2": 0.7978405861672737,
      "eval_scaled_RMSE": 0.3011449873447418,
      "eval_steps_per_second": 99.918,
      "step": 2520
    },
    {
      "epoch": 5.0,
      "learning_rate": 9.632799480076278e-05,
      "loss": 0.1241,
      "step": 3150
    },
    {
      "epoch": 5.0,
      "eval_MAE": 3.190847396850586,
      "eval_MAE_DeltaG_EP_gas_molar_kcal_mol": 3.349436044692993,
      "eval_MAE_DeltaG_ET_gas_molar_kcal_mol": 3.0322580337524414,
      "eval_R2": 0.8311981507066604,
      "eval_R2_DeltaG_EP_gas_molar_kcal_mol": 0.8455642987681793,
      "eval_R2_DeltaG_ET_gas_molar_kcal_mol": 0.8168320067530987,
      "eval_RMSE": 5.334773063659668,
      "eval_RMSE_DeltaG_EP_gas_molar_kcal_mol": 6.046936988830566,
      "eval_RMSE_DeltaG_ET_gas_molar_kcal_mol": 4.6226091384887695,
      "eval_loss": 0.08257343620061874,
      "eval_runtime": 0.3977,
      "eval_samples_per_second": 1583.999,
      "eval_scaled_MAE": 0.16704633831977844,
      "eval_scaled_MSE_loss": 0.08257343620061874,
      "eval_scaled_R2": 0.8311981512996522,
      "eval_scaled_RMSE": 0.28115004301071167,
      "eval_steps_per_second": 100.571,
      "step": 3150
    },
    {
      "epoch": 6.0,
      "learning_rate": 9.397785072130696e-05,
      "loss": 0.1107,
      "step": 3780
    },
    {
      "epoch": 6.0,
      "eval_MAE": 3.2651264667510986,
      "eval_MAE_DeltaG_EP_gas_molar_kcal_mol": 3.32393479347229,
      "eval_MAE_DeltaG_ET_gas_molar_kcal_mol": 3.20632004737854,
      "eval_R2": 0.8296978061776747,
      "eval_R2_DeltaG_EP_gas_molar_kcal_mol": 0.8587973845755845,
      "eval_R2_DeltaG_ET_gas_molar_kcal_mol": 0.8005982322518016,
      "eval_RMSE": 5.302585601806641,
      "eval_RMSE_DeltaG_EP_gas_molar_kcal_mol": 5.782064914703369,
      "eval_RMSE_DeltaG_ET_gas_molar_kcal_mol": 4.8231072425842285,
      "eval_loss": 0.0797838568687439,
      "eval_runtime": 0.395,
      "eval_samples_per_second": 1594.764,
      "eval_scaled_MAE": 0.17050325870513916,
      "eval_scaled_MSE_loss": 0.0797838643193245,
      "eval_scaled_R2": 0.8296978049537389,
      "eval_scaled_RMSE": 0.27850064635276794,
      "eval_steps_per_second": 101.255,
      "step": 3780
    },
    {
      "epoch": 7.0,
      "learning_rate": 9.109387510806982e-05,
      "loss": 0.0973,
      "step": 4410
    },
    {
      "epoch": 7.0,
      "eval_MAE": 3.122098207473755,
      "eval_MAE_DeltaG_EP_gas_molar_kcal_mol": 3.2717268466949463,
      "eval_MAE_DeltaG_ET_gas_molar_kcal_mol": 2.972468614578247,
      "eval_R2": 0.827719690536612,
      "eval_R2_DeltaG_EP_gas_molar_kcal_mol": 0.8510336599352244,
      "eval_R2_DeltaG_ET_gas_molar_kcal_mol": 0.8044057255246445,
      "eval_RMSE": 5.3578667640686035,
      "eval_RMSE_DeltaG_EP_gas_molar_kcal_mol": 5.938894748687744,
      "eval_RMSE_DeltaG_ET_gas_molar_kcal_mol": 4.776837348937988,
      "eval_loss": 0.08218784630298615,
      "eval_runtime": 0.4088,
      "eval_samples_per_second": 1540.917,
      "eval_scaled_MAE": 0.1634240448474884,
      "eval_scaled_MSE_loss": 0.08218785375356674,
      "eval_scaled_R2": 0.8277196898269003,
      "eval_scaled_RMSE": 0.281807005405426,
      "eval_steps_per_second": 97.836,
      "step": 4410
    },
    {
      "epoch": 8.0,
      "learning_rate": 8.771107551825917e-05,
      "loss": 0.0884,
      "step": 5040
    },
    {
      "epoch": 8.0,
      "eval_MAE": 3.207736015319824,
      "eval_MAE_DeltaG_EP_gas_molar_kcal_mol": 3.3109374046325684,
      "eval_MAE_DeltaG_ET_gas_molar_kcal_mol": 3.1045329570770264,
      "eval_R2": 0.8168564859870018,
      "eval_R2_DeltaG_EP_gas_molar_kcal_mol": 0.8409309520577137,
      "eval_R2_DeltaG_ET_gas_molar_kcal_mol": 0.7927820245636226,
      "eval_RMSE": 5.526851654052734,
      "eval_RMSE_DeltaG_EP_gas_molar_kcal_mol": 6.13697624206543,
      "eval_RMSE_DeltaG_ET_gas_molar_kcal_mol": 4.916727542877197,
      "eval_loss": 0.08754140138626099,
      "eval_runtime": 0.3938,
      "eval_samples_per_second": 1599.72,
      "eval_scaled_MAE": 0.1676957756280899,
      "eval_scaled_MSE_loss": 0.08754141628742218,
      "eval_scaled_R2": 0.8168564849151291,
      "eval_scaled_RMSE": 0.2907400131225586,
      "eval_steps_per_second": 101.57,
      "step": 5040
    },
    {
      "epoch": 9.0,
      "learning_rate": 8.387051455643352e-05,
      "loss": 0.0823,
      "step": 5670
    },
    {
      "epoch": 9.0,
      "eval_MAE": 2.8734664916992188,
      "eval_MAE_DeltaG_EP_gas_molar_kcal_mol": 3.0398128032684326,
      "eval_MAE_DeltaG_ET_gas_molar_kcal_mol": 2.707122564315796,
      "eval_R2": 0.8301966453771992,
      "eval_R2_DeltaG_EP_gas_molar_kcal_mol": 0.8487408535286177,
      "eval_R2_DeltaG_ET_gas_molar_kcal_mol": 0.8116524414499016,
      "eval_RMSE": 5.335968971252441,
      "eval_RMSE_DeltaG_EP_gas_molar_kcal_mol": 5.984424591064453,
      "eval_RMSE_DeltaG_ET_gas_molar_kcal_mol": 4.687512397766113,
      "eval_loss": 0.08207599818706512,
      "eval_runtime": 0.4148,
      "eval_samples_per_second": 1518.837,
      "eval_scaled_MAE": 0.1505291610956192,
      "eval_scaled_MSE_loss": 0.08207598328590393,
      "eval_scaled_R2": 0.8301966439792395,
      "eval_scaled_RMSE": 0.2809464931488037,
      "eval_steps_per_second": 96.434,
      "step": 5670
    },
    {
      "epoch": 10.0,
      "learning_rate": 7.963290630330306e-05,
      "loss": 0.0742,
      "step": 6300
    },
    {
      "epoch": 10.0,
      "eval_MAE": 2.879034996032715,
      "eval_MAE_DeltaG_EP_gas_molar_kcal_mol": 3.1756317615509033,
      "eval_MAE_DeltaG_ET_gas_molar_kcal_mol": 2.5824403762817383,
      "eval_R2": 0.8408769687288873,
      "eval_R2_DeltaG_EP_gas_molar_kcal_mol": 0.8526933318100266,
      "eval_R2_DeltaG_ET_gas_molar_kcal_mol": 0.8290606094814513,
      "eval_RMSE": 5.185678482055664,
      "eval_RMSE_DeltaG_EP_gas_molar_kcal_mol": 5.90571928024292,
      "eval_RMSE_DeltaG_ET_gas_molar_kcal_mol": 4.465637683868408,
      "eval_loss": 0.07825520634651184,
      "eval_runtime": 0.4039,
      "eval_samples_per_second": 1559.644,
      "eval_scaled_MAE": 0.15136313438415527,
      "eval_scaled_MSE_loss": 0.07825520634651184,
      "eval_scaled_R2": 0.8408769700873466,
      "eval_scaled_RMSE": 0.2734084725379944,
      "eval_steps_per_second": 99.025,
      "step": 6300
    },
    {
      "epoch": 11.0,
      "learning_rate": 7.502272587015242e-05,
      "loss": 0.0669,
      "step": 6930
    },
    {
      "epoch": 11.0,
      "eval_MAE": 2.8418750762939453,
      "eval_MAE_DeltaG_EP_gas_molar_kcal_mol": 2.9650347232818604,
      "eval_MAE_DeltaG_ET_gas_molar_kcal_mol": 2.7187142372131348,
      "eval_R2": 0.823907883005246,
      "eval_R2_DeltaG_EP_gas_molar_kcal_mol": 0.8409664262947341,
      "eval_R2_DeltaG_ET_gas_molar_kcal_mol": 0.8068493440475992,
      "eval_RMSE": 5.441597938537598,
      "eval_RMSE_DeltaG_EP_gas_molar_kcal_mol": 6.13629150390625,
      "eval_RMSE_DeltaG_ET_gas_molar_kcal_mol": 4.746904373168945,
      "eval_loss": 0.08563980460166931,
      "eval_runtime": 0.427,
      "eval_samples_per_second": 1475.484,
      "eval_scaled_MAE": 0.14870163798332214,
      "eval_scaled_MSE_loss": 0.08563980460166931,
      "eval_scaled_R2": 0.823907879463091,
      "eval_scaled_RMSE": 0.2866474390029907,
      "eval_steps_per_second": 93.682,
      "step": 6930
    },
    {
      "epoch": 12.0,
      "learning_rate": 7.010880344162088e-05,
      "loss": 0.061,
      "step": 7560
    },
    {
      "epoch": 12.0,
      "eval_MAE": 3.503448009490967,
      "eval_MAE_DeltaG_EP_gas_molar_kcal_mol": 3.009990692138672,
      "eval_MAE_DeltaG_ET_gas_molar_kcal_mol": 3.9969067573547363,
      "eval_R2": 0.7683006148676919,
      "eval_R2_DeltaG_EP_gas_molar_kcal_mol": 0.8245269820142118,
      "eval_R2_DeltaG_ET_gas_molar_kcal_mol": 0.7120742541785594,
      "eval_RMSE": 6.120652675628662,
      "eval_RMSE_DeltaG_EP_gas_molar_kcal_mol": 6.445650577545166,
      "eval_RMSE_DeltaG_ET_gas_molar_kcal_mol": 5.795656681060791,
      "eval_loss": 0.10453423112630844,
      "eval_runtime": 0.3937,
      "eval_samples_per_second": 1600.16,
      "eval_scaled_MAE": 0.18062567710876465,
      "eval_scaled_MSE_loss": 0.10453423112630844,
      "eval_scaled_R2": 0.7683006066215994,
      "eval_scaled_RMSE": 0.32051360607147217,
      "eval_steps_per_second": 101.597,
      "step": 7560
    },
    {
      "epoch": 13.0,
      "learning_rate": 6.495078737941509e-05,
      "loss": 0.0553,
      "step": 8190
    },
    {
      "epoch": 13.0,
      "eval_MAE": 2.7592928409576416,
      "eval_MAE_DeltaG_EP_gas_molar_kcal_mol": 2.9262475967407227,
      "eval_MAE_DeltaG_ET_gas_molar_kcal_mol": 2.5923385620117188,
      "eval_R2": 0.8182176683572822,
      "eval_R2_DeltaG_EP_gas_molar_kcal_mol": 0.8263511896124485,
      "eval_R2_DeltaG_ET_gas_molar_kcal_mol": 0.8100841513614092,
      "eval_RMSE": 5.55952262878418,
      "eval_RMSE_DeltaG_EP_gas_molar_kcal_mol": 6.4120588302612305,
      "eval_RMSE_DeltaG_ET_gas_molar_kcal_mol": 4.706987380981445,
      "eval_loss": 0.09069321304559708,
      "eval_runtime": 0.386,
      "eval_samples_per_second": 1632.031,
      "eval_scaled_MAE": 0.14457818865776062,
      "eval_scaled_MSE_loss": 0.09069322049617767,
      "eval_scaled_R2": 0.8182176660166722,
      "eval_scaled_RMSE": 0.2934553027153015,
      "eval_steps_per_second": 103.621,
      "step": 8190
    },
    {
      "epoch": 14.0,
      "learning_rate": 5.96112890112965e-05,
      "loss": 0.0518,
      "step": 8820
    },
    {
      "epoch": 14.0,
      "eval_MAE": 2.7345733642578125,
      "eval_MAE_DeltaG_EP_gas_molar_kcal_mol": 2.7167112827301025,
      "eval_MAE_DeltaG_ET_gas_molar_kcal_mol": 2.752434730529785,
      "eval_R2": 0.8284941245670266,
      "eval_R2_DeltaG_EP_gas_molar_kcal_mol": 0.8476196469668347,
      "eval_R2_DeltaG_ET_gas_molar_kcal_mol": 0.8093686064425597,
      "eval_RMSE": 5.361205101013184,
      "eval_RMSE_DeltaG_EP_gas_molar_kcal_mol": 6.006563663482666,
      "eval_RMSE_DeltaG_ET_gas_molar_kcal_mol": 4.715846061706543,
      "eval_loss": 0.08280354738235474,
      "eval_runtime": 0.397,
      "eval_samples_per_second": 1586.853,
      "eval_scaled_MAE": 0.14251792430877686,
      "eval_scaled_MSE_loss": 0.08280353248119354,
      "eval_scaled_R2": 0.8284941244556773,
      "eval_scaled_RMSE": 0.2822495400905609,
      "eval_steps_per_second": 100.753,
      "step": 8820
    },
    {
      "epoch": 15.0,
      "learning_rate": 5.416384080723918e-05,
      "loss": 0.0465,
      "step": 9450
    },
    {
      "epoch": 15.0,
      "eval_MAE": 2.483276844024658,
      "eval_MAE_DeltaG_EP_gas_molar_kcal_mol": 2.675693988800049,
      "eval_MAE_DeltaG_ET_gas_molar_kcal_mol": 2.2908618450164795,
      "eval_R2": 0.8405442197539033,
      "eval_R2_DeltaG_EP_gas_molar_kcal_mol": 0.8438573783919265,
      "eval_R2_DeltaG_ET_gas_molar_kcal_mol": 0.8372310647663422,
      "eval_RMSE": 5.218934535980225,
      "eval_RMSE_DeltaG_EP_gas_molar_kcal_mol": 6.080262660980225,
      "eval_RMSE_DeltaG_ET_gas_molar_kcal_mol": 4.357608318328857,
      "eval_loss": 0.08047613501548767,
      "eval_runtime": 0.3921,
      "eval_samples_per_second": 1606.893,
      "eval_scaled_MAE": 0.13029184937477112,
      "eval_scaled_MSE_loss": 0.08047612756490707,
      "eval_scaled_R2": 0.8405442192883636,
      "eval_scaled_RMSE": 0.275732159614563,
      "eval_steps_per_second": 102.025,
      "step": 9450
    },
    {
      "epoch": 16.0,
      "learning_rate": 4.8657263999375216e-05,
      "loss": 0.0416,
      "step": 10080
    },
    {
      "epoch": 16.0,
      "eval_MAE": 2.694974422454834,
      "eval_MAE_DeltaG_EP_gas_molar_kcal_mol": 2.8678078651428223,
      "eval_MAE_DeltaG_ET_gas_molar_kcal_mol": 2.522139549255371,
      "eval_R2": 0.8205312783825285,
      "eval_R2_DeltaG_EP_gas_molar_kcal_mol": 0.8334483535138493,
      "eval_R2_DeltaG_ET_gas_molar_kcal_mol": 0.8076142075658952,
      "eval_RMSE": 5.508577346801758,
      "eval_RMSE_DeltaG_EP_gas_molar_kcal_mol": 6.279658794403076,
      "eval_RMSE_DeltaG_ET_gas_molar_kcal_mol": 4.737496852874756,
      "eval_loss": 0.08835998177528381,
      "eval_runtime": 0.4139,
      "eval_samples_per_second": 1522.259,
      "eval_scaled_MAE": 0.14124880731105804,
      "eval_scaled_MSE_loss": 0.08835997432470322,
      "eval_scaled_R2": 0.8205312757031666,
      "eval_scaled_RMSE": 0.29045870900154114,
      "eval_steps_per_second": 96.651,
      "step": 10080
    },
    {
      "epoch": 17.0,
      "learning_rate": 4.3166986187640455e-05,
      "loss": 0.0372,
      "step": 10710
    },
    {
      "epoch": 17.0,
      "eval_MAE": 2.666688919067383,
      "eval_MAE_DeltaG_EP_gas_molar_kcal_mol": 2.9425346851348877,
      "eval_MAE_DeltaG_ET_gas_molar_kcal_mol": 2.3908438682556152,
      "eval_R2": 0.8320724548366825,
      "eval_R2_DeltaG_EP_gas_molar_kcal_mol": 0.8389310408443169,
      "eval_R2_DeltaG_ET_gas_molar_kcal_mol": 0.825213872749023,
      "eval_RMSE": 5.34552001953125,
      "eval_RMSE_DeltaG_EP_gas_molar_kcal_mol": 6.175434589385986,
      "eval_RMSE_DeltaG_ET_gas_molar_kcal_mol": 4.515604496002197,
      "eval_loss": 0.08393894135951996,
      "eval_runtime": 0.4039,
      "eval_samples_per_second": 1559.904,
      "eval_scaled_MAE": 0.1402038335800171,
      "eval_scaled_MSE_loss": 0.08393892645835876,
      "eval_scaled_R2": 0.8320724523706954,
      "eval_scaled_RMSE": 0.28220176696777344,
      "eval_steps_per_second": 99.042,
      "step": 10710
    },
    {
      "epoch": 18.0,
      "learning_rate": 3.775965190734192e-05,
      "loss": 0.0345,
      "step": 11340
    },
    {
      "epoch": 18.0,
      "eval_MAE": 2.389432907104492,
      "eval_MAE_DeltaG_EP_gas_molar_kcal_mol": 2.640228033065796,
      "eval_MAE_DeltaG_ET_gas_molar_kcal_mol": 2.1386373043060303,
      "eval_R2": 0.8425828084282712,
      "eval_R2_DeltaG_EP_gas_molar_kcal_mol": 0.84727666335599,
      "eval_R2_DeltaG_ET_gas_molar_kcal_mol": 0.83788895713626,
      "eval_RMSE": 5.181056976318359,
      "eval_RMSE_DeltaG_EP_gas_molar_kcal_mol": 6.013319969177246,
      "eval_RMSE_DeltaG_ET_gas_molar_kcal_mol": 4.348792552947998,
      "eval_loss": 0.0791039764881134,
      "eval_runtime": 0.3934,
      "eval_samples_per_second": 1601.526,
      "eval_scaled_MAE": 0.12564198672771454,
      "eval_scaled_MSE_loss": 0.079103983938694,
      "eval_scaled_R2": 0.8425828054281849,
      "eval_scaled_RMSE": 0.27363574504852295,
      "eval_steps_per_second": 101.684,
      "step": 11340
    },
    {
      "epoch": 19.0,
      "learning_rate": 3.250909436944928e-05,
      "loss": 0.033,
      "step": 11970
    },
    {
      "epoch": 19.0,
      "eval_MAE": 2.336678981781006,
      "eval_MAE_DeltaG_EP_gas_molar_kcal_mol": 2.5036780834198,
      "eval_MAE_DeltaG_ET_gas_molar_kcal_mol": 2.1696794033050537,
      "eval_R2": 0.8394001800247944,
      "eval_R2_DeltaG_EP_gas_molar_kcal_mol": 0.8472377794183611,
      "eval_R2_DeltaG_ET_gas_molar_kcal_mol": 0.8315625844088186,
      "eval_RMSE": 5.223461151123047,
      "eval_RMSE_DeltaG_EP_gas_molar_kcal_mol": 6.014085292816162,
      "eval_RMSE_DeltaG_ET_gas_molar_kcal_mol": 4.432836532592773,
      "eval_loss": 0.07996777445077896,
      "eval_runtime": 0.4057,
      "eval_samples_per_second": 1552.784,
      "eval_scaled_MAE": 0.12254144251346588,
      "eval_scaled_MSE_loss": 0.07996778190135956,
      "eval_scaled_R2": 0.8394001799433003,
      "eval_scaled_RMSE": 0.2756730914115906,
      "eval_steps_per_second": 98.589,
      "step": 11970
    },
    {
      "epoch": 20.0,
      "learning_rate": 2.7462370228524042e-05,
      "loss": 0.0285,
      "step": 12600
    },
    {
      "epoch": 20.0,
      "eval_MAE": 2.40272855758667,
      "eval_MAE_DeltaG_EP_gas_molar_kcal_mol": 2.580359935760498,
      "eval_MAE_DeltaG_ET_gas_molar_kcal_mol": 2.225095748901367,
      "eval_R2": 0.8287362880198369,
      "eval_R2_DeltaG_EP_gas_molar_kcal_mol": 0.8419602636673754,
      "eval_R2_DeltaG_ET_gas_molar_kcal_mol": 0.8155123165098528,
      "eval_RMSE": 5.378161430358887,
      "eval_RMSE_DeltaG_EP_gas_molar_kcal_mol": 6.117088317871094,
      "eval_RMSE_DeltaG_ET_gas_molar_kcal_mol": 4.639232158660889,
      "eval_loss": 0.08410380780696869,
      "eval_runtime": 0.3911,
      "eval_samples_per_second": 1610.694,
      "eval_scaled_MAE": 0.1260298788547516,
      "eval_scaled_MSE_loss": 0.08410380035638809,
      "eval_scaled_R2": 0.828736291214335,
      "eval_scaled_RMSE": 0.28352412581443787,
      "eval_steps_per_second": 102.266,
      "step": 12600
    },
    {
      "epoch": 21.0,
      "learning_rate": 2.268922238274219e-05,
      "loss": 0.027,
      "step": 13230
    },
    {
      "epoch": 21.0,
      "eval_MAE": 2.250084400177002,
      "eval_MAE_DeltaG_EP_gas_molar_kcal_mol": 2.384850025177002,
      "eval_MAE_DeltaG_ET_gas_molar_kcal_mol": 2.1153199672698975,
      "eval_R2": 0.8444487960746981,
      "eval_R2_DeltaG_EP_gas_molar_kcal_mol": 0.8518963626640466,
      "eval_R2_DeltaG_ET_gas_molar_kcal_mol": 0.8370012331409665,
      "eval_RMSE": 5.141177654266357,
      "eval_RMSE_DeltaG_EP_gas_molar_kcal_mol": 5.92167329788208,
      "eval_RMSE_DeltaG_ET_gas_molar_kcal_mol": 4.360683441162109,
      "eval_loss": 0.07748856395483017,
      "eval_runtime": 0.3919,
      "eval_samples_per_second": 1607.497,
      "eval_scaled_MAE": 0.11789160966873169,
      "eval_scaled_MSE_loss": 0.07748856395483017,
      "eval_scaled_R2": 0.8444487968084395,
      "eval_scaled_RMSE": 0.2713403105735779,
      "eval_steps_per_second": 102.063,
      "step": 13230
    }
  ],
  "max_steps": 18900,
  "num_train_epochs": 30,
  "total_flos": 310117597332480.0,
  "trial_name": null,
  "trial_params": null
}
