{
  "best_metric": 0.5134479403495789,
  "best_model_checkpoint": "fine_tune/checkpoint-2662",
  "epoch": 22.0,
  "global_step": 2662,
  "is_hyper_param_search": false,
  "is_local_process_zero": true,
  "is_world_process_zero": true,
  "log_history": [
    {
      "epoch": 1.0,
      "learning_rate": 6.648351648351648e-05,
      "loss": 0.9417,
      "step": 121
    },
    {
      "epoch": 1.0,
      "eval_MAE": 28.468172073364258,
      "eval_MAE_dE0": 22.36387825012207,
      "eval_MAE_dH0": 34.57246780395508,
      "eval_R2": 0.14962019047256664,
      "eval_R2_dE0": 0.12492087023866849,
      "eval_R2_dH0": 0.1743195107064648,
      "eval_RMSE": 36.15963363647461,
      "eval_RMSE_dE0": 27.92319107055664,
      "eval_RMSE_dH0": 44.39607238769531,
      "eval_loss": 1.2824195623397827,
      "eval_runtime": 0.1938,
      "eval_samples_per_second": 546.901,
      "eval_scaled_MAE": 0.8895109295845032,
      "eval_scaled_MSE_loss": 1.2824195623397827,
      "eval_scaled_R2": 0.14962016634605785,
      "eval_scaled_RMSE": 1.127679705619812,
      "eval_steps_per_second": 36.116,
      "step": 121
    },
    {
      "epoch": 2.0,
      "learning_rate": 9.992530361627997e-05,
      "loss": 0.5313,
      "step": 242
    },
    {
      "epoch": 2.0,
      "eval_MAE": 21.628116607666016,
      "eval_MAE_dE0": 18.35995864868164,
      "eval_MAE_dH0": 24.896282196044922,
      "eval_R2": 0.44272368090688874,
      "eval_R2_dE0": 0.33436252322407856,
      "eval_R2_dH0": 0.5510848385896989,
      "eval_RMSE": 28.544532775878906,
      "eval_RMSE_dE0": 24.353437423706055,
      "eval_RMSE_dH0": 32.73563003540039,
      "eval_loss": 0.8109851479530334,
      "eval_runtime": 0.1742,
      "eval_samples_per_second": 608.333,
      "eval_scaled_MAE": 0.6819052696228027,
      "eval_scaled_MSE_loss": 0.8109852075576782,
      "eval_scaled_R2": 0.4427236653289882,
      "eval_scaled_RMSE": 0.900516152381897,
      "eval_steps_per_second": 40.173,
      "step": 242
    },
    {
      "epoch": 3.0,
      "learning_rate": 9.932161244697887e-05,
      "loss": 0.3429,
      "step": 363
    },
    {
      "epoch": 3.0,
      "eval_MAE": 19.83061981201172,
      "eval_MAE_dE0": 17.53252410888672,
      "eval_MAE_dH0": 22.128719329833984,
      "eval_R2": 0.5226485795771171,
      "eval_R2_dE0": 0.39565661079536407,
      "eval_R2_dH0": 0.6496405483588701,
      "eval_RMSE": 26.062450408935547,
      "eval_RMSE_dE0": 23.20509147644043,
      "eval_RMSE_dH0": 28.919811248779297,
      "eval_loss": 0.6837669014930725,
      "eval_runtime": 0.1729,
      "eval_samples_per_second": 613.197,
      "eval_scaled_MAE": 0.6283524632453918,
      "eval_scaled_MSE_loss": 0.6837669014930725,
      "eval_scaled_R2": 0.5226485759686401,
      "eval_scaled_RMSE": 0.8265419006347656,
      "eval_steps_per_second": 40.494,
      "step": 363
    },
    {
      "epoch": 4.0,
      "learning_rate": 9.811905024254431e-05,
      "loss": 0.249,
      "step": 484
    },
    {
      "epoch": 4.0,
      "eval_MAE": 19.355480194091797,
      "eval_MAE_dE0": 16.84121322631836,
      "eval_MAE_dH0": 21.869741439819336,
      "eval_R2": 0.547624528492699,
      "eval_R2_dE0": 0.4489676811832053,
      "eval_R2_dH0": 0.6462813758021928,
      "eval_RMSE": 25.608043670654297,
      "eval_RMSE_dE0": 22.157968521118164,
      "eval_RMSE_dH0": 29.058120727539062,
      "eval_loss": 0.6549137234687805,
      "eval_runtime": 0.1676,
      "eval_samples_per_second": 632.38,
      "eval_scaled_MAE": 0.6120855212211609,
      "eval_scaled_MSE_loss": 0.654913604259491,
      "eval_scaled_R2": 0.5476245166391915,
      "eval_scaled_RMSE": 0.8092606663703918,
      "eval_steps_per_second": 41.761,
      "step": 484
    },
    {
      "epoch": 5.0,
      "learning_rate": 9.633221870872866e-05,
      "loss": 0.2031,
      "step": 605
    },
    {
      "epoch": 5.0,
      "eval_MAE": 18.44620132446289,
      "eval_MAE_dE0": 16.417837142944336,
      "eval_MAE_dH0": 20.474567413330078,
      "eval_R2": 0.5762694452767603,
      "eval_R2_dE0": 0.4627238106263296,
      "eval_R2_dH0": 0.6898150799271909,
      "eval_RMSE": 24.54545783996582,
      "eval_RMSE_dE0": 21.879640579223633,
      "eval_RMSE_dH0": 27.21127700805664,
      "eval_loss": 0.6066980957984924,
      "eval_runtime": 0.1627,
      "eval_samples_per_second": 651.471,
      "eval_scaled_MAE": 0.5849741697311401,
      "eval_scaled_MSE_loss": 0.6066981554031372,
      "eval_scaled_R2": 0.5762694313148751,
      "eval_scaled_RMSE": 0.7785446643829346,
      "eval_steps_per_second": 43.022,
      "step": 605
    },
    {
      "epoch": 6.0,
      "learning_rate": 9.398281384444956e-05,
      "loss": 0.1582,
      "step": 726
    },
    {
      "epoch": 6.0,
      "eval_MAE": 18.89960479736328,
      "eval_MAE_dE0": 17.972396850585938,
      "eval_MAE_dH0": 19.82681655883789,
      "eval_R2": 0.5694220633696179,
      "eval_R2_dE0": 0.41634782619515487,
      "eval_R2_dH0": 0.722496300544081,
      "eval_RMSE": 24.271137237548828,
      "eval_RMSE_dE0": 22.80438995361328,
      "eval_RMSE_dH0": 25.737890243530273,
      "eval_loss": 0.6044719815254211,
      "eval_runtime": 0.1729,
      "eval_samples_per_second": 612.94,
      "eval_scaled_MAE": 0.6044941544532776,
      "eval_scaled_MSE_loss": 0.6044719815254211,
      "eval_scaled_R2": 0.5694220646321607,
      "eval_scaled_RMSE": 0.7750668525695801,
      "eval_steps_per_second": 40.477,
      "step": 726
    },
    {
      "epoch": 7.0,
      "learning_rate": 9.109936250544453e-05,
      "loss": 0.1337,
      "step": 847
    },
    {
      "epoch": 7.0,
      "eval_MAE": 19.65488624572754,
      "eval_MAE_dE0": 18.40717887878418,
      "eval_MAE_dH0": 20.902589797973633,
      "eval_R2": 0.5355867622832173,
      "eval_R2_dE0": 0.3904949758231334,
      "eval_R2_dH0": 0.6806785487433011,
      "eval_RMSE": 25.456552505493164,
      "eval_RMSE_dE0": 23.30397605895996,
      "eval_RMSE_dH0": 27.60912322998047,
      "eval_loss": 0.6583588719367981,
      "eval_runtime": 0.1822,
      "eval_samples_per_second": 581.702,
      "eval_scaled_MAE": 0.627385139465332,
      "eval_scaled_MSE_loss": 0.6583588123321533,
      "eval_scaled_R2": 0.5355867481886907,
      "eval_scaled_RMSE": 0.8101778626441956,
      "eval_steps_per_second": 38.414,
      "step": 847
    },
    {
      "epoch": 8.0,
      "learning_rate": 8.77168760265519e-05,
      "loss": 0.1107,
      "step": 968
    },
    {
      "epoch": 8.0,
      "eval_MAE": 18.58688735961914,
      "eval_MAE_dE0": 16.879302978515625,
      "eval_MAE_dH0": 20.294466018676758,
      "eval_R2": 0.5943085074105499,
      "eval_R2_dE0": 0.4719823044897741,
      "eval_R2_dH0": 0.7166347103313258,
      "eval_RMSE": 23.849300384521484,
      "eval_RMSE_dE0": 21.690303802490234,
      "eval_RMSE_dH0": 26.0082950592041,
      "eval_loss": 0.5765246152877808,
      "eval_runtime": 0.1838,
      "eval_samples_per_second": 576.694,
      "eval_scaled_MAE": 0.5909374952316284,
      "eval_scaled_MSE_loss": 0.5765246152877808,
      "eval_scaled_R2": 0.5943084908651476,
      "eval_scaled_RMSE": 0.7583898305892944,
      "eval_steps_per_second": 38.084,
      "step": 968
    },
    {
      "epoch": 9.0,
      "learning_rate": 8.387642510839236e-05,
      "loss": 0.0952,
      "step": 1089
    },
    {
      "epoch": 9.0,
      "eval_MAE": 18.864900588989258,
      "eval_MAE_dE0": 17.28536605834961,
      "eval_MAE_dH0": 20.444433212280273,
      "eval_R2": 0.5695665235532952,
      "eval_R2_dE0": 0.432268340003239,
      "eval_R2_dH0": 0.7068647071033514,
      "eval_RMSE": 24.47203826904297,
      "eval_RMSE_dE0": 22.4912166595459,
      "eval_RMSE_dH0": 26.45285987854004,
      "eval_loss": 0.6092878580093384,
      "eval_runtime": 0.1786,
      "eval_samples_per_second": 593.349,
      "eval_scaled_MAE": 0.6004625558853149,
      "eval_scaled_MSE_loss": 0.6092878580093384,
      "eval_scaled_R2": 0.5695665073529057,
      "eval_scaled_RMSE": 0.7792402505874634,
      "eval_steps_per_second": 39.183,
      "step": 1089
    },
    {
      "epoch": 10.0,
      "learning_rate": 7.962464113024633e-05,
      "loss": 0.0841,
      "step": 1210
    },
    {
      "epoch": 10.0,
      "eval_MAE": 18.77240753173828,
      "eval_MAE_dE0": 16.415048599243164,
      "eval_MAE_dH0": 21.129764556884766,
      "eval_R2": 0.5871736909474801,
      "eval_R2_dE0": 0.4796070299145022,
      "eval_R2_dH0": 0.6947403519804578,
      "eval_RMSE": 24.263751983642578,
      "eval_RMSE_dE0": 21.533126831054688,
      "eval_RMSE_dH0": 26.994375228881836,
      "eval_loss": 0.5920611023902893,
      "eval_runtime": 0.1631,
      "eval_samples_per_second": 649.849,
      "eval_scaled_MAE": 0.5940093994140625,
      "eval_scaled_MSE_loss": 0.5920610427856445,
      "eval_scaled_R2": 0.587173682272822,
      "eval_scaled_RMSE": 0.7691832780838013,
      "eval_steps_per_second": 42.915,
      "step": 1210
    },
    {
      "epoch": 11.0,
      "learning_rate": 7.501314994426723e-05,
      "loss": 0.075,
      "step": 1331
    },
    {
      "epoch": 11.0,
      "eval_MAE": 18.186447143554688,
      "eval_MAE_dE0": 16.761337280273438,
      "eval_MAE_dH0": 19.611557006835938,
      "eval_R2": 0.6140004983484226,
      "eval_R2_dE0": 0.489593922278721,
      "eval_R2_dH0": 0.7384070744181244,
      "eval_RMSE": 23.157333374023438,
      "eval_RMSE_dE0": 21.325504302978516,
      "eval_RMSE_dH0": 24.989154815673828,
      "eval_loss": 0.5459815859794617,
      "eval_runtime": 0.1811,
      "eval_samples_per_second": 585.278,
      "eval_scaled_MAE": 0.5793037414550781,
      "eval_scaled_MSE_loss": 0.5459815263748169,
      "eval_scaled_R2": 0.6140004839436597,
      "eval_scaled_RMSE": 0.7375674247741699,
      "eval_steps_per_second": 38.65,
      "step": 1331
    },
    {
      "epoch": 12.0,
      "learning_rate": 7.009794502599331e-05,
      "loss": 0.0638,
      "step": 1452
    },
    {
      "epoch": 12.0,
      "eval_MAE": 18.53936004638672,
      "eval_MAE_dE0": 16.786396026611328,
      "eval_MAE_dH0": 20.292325973510742,
      "eval_R2": 0.5770215055644929,
      "eval_R2_dE0": 0.43683204474331083,
      "eval_R2_dH0": 0.7172109663856752,
      "eval_RMSE": 24.191234588623047,
      "eval_RMSE_dE0": 22.400636672973633,
      "eval_RMSE_dH0": 25.981836318969727,
      "eval_loss": 0.5970534086227417,
      "eval_runtime": 0.1875,
      "eval_samples_per_second": 565.308,
      "eval_scaled_MAE": 0.5892041921615601,
      "eval_scaled_MSE_loss": 0.5970534086227417,
      "eval_scaled_R2": 0.577021498080751,
      "eval_scaled_RMSE": 0.7710469961166382,
      "eval_steps_per_second": 37.332,
      "step": 1452
    },
    {
      "epoch": 13.0,
      "learning_rate": 6.493870759246636e-05,
      "loss": 0.0612,
      "step": 1573
    },
    {
      "epoch": 13.0,
      "eval_MAE": 18.150928497314453,
      "eval_MAE_dE0": 16.650333404541016,
      "eval_MAE_dH0": 19.651521682739258,
      "eval_R2": 0.6001290652761196,
      "eval_R2_dE0": 0.460635062937794,
      "eval_R2_dH0": 0.7396230676144453,
      "eval_RMSE": 23.42656707763672,
      "eval_RMSE_dE0": 21.922128677368164,
      "eval_RMSE_dH0": 24.931005477905273,
      "eval_loss": 0.562213659286499,
      "eval_runtime": 0.1695,
      "eval_samples_per_second": 625.334,
      "eval_scaled_MAE": 0.5778226256370544,
      "eval_scaled_MSE_loss": 0.5622137188911438,
      "eval_scaled_R2": 0.6001290546677872,
      "eval_scaled_RMSE": 0.7477002739906311,
      "eval_steps_per_second": 41.296,
      "step": 1573
    },
    {
      "epoch": 14.0,
      "learning_rate": 5.959808194319374e-05,
      "loss": 0.051,
      "step": 1694
    },
    {
      "epoch": 14.0,
      "eval_MAE": 17.60883331298828,
      "eval_MAE_dE0": 15.57822322845459,
      "eval_MAE_dH0": 19.63944435119629,
      "eval_R2": 0.6133572345571259,
      "eval_R2_dE0": 0.49060401516699115,
      "eval_R2_dH0": 0.7361104539472605,
      "eval_RMSE": 23.20150375366211,
      "eval_RMSE_dE0": 21.304391860961914,
      "eval_RMSE_dH0": 25.098609924316406,
      "eval_loss": 0.5474852323532104,
      "eval_runtime": 0.171,
      "eval_samples_per_second": 619.753,
      "eval_scaled_MAE": 0.5579977035522461,
      "eval_scaled_MSE_loss": 0.5474851727485657,
      "eval_scaled_R2": 0.6133572271559307,
      "eval_scaled_RMSE": 0.7386982440948486,
      "eval_steps_per_second": 40.927,
      "step": 1694
    },
    {
      "epoch": 15.0,
      "learning_rate": 5.414091482288152e-05,
      "loss": 0.0504,
      "step": 1815
    },
    {
      "epoch": 15.0,
      "eval_MAE": 17.923309326171875,
      "eval_MAE_dE0": 16.90691566467285,
      "eval_MAE_dH0": 18.939701080322266,
      "eval_R2": 0.6172152519767835,
      "eval_R2_dE0": 0.4711495564332461,
      "eval_R2_dH0": 0.763280947520321,
      "eval_RMSE": 22.739410400390625,
      "eval_RMSE_dE0": 21.707401275634766,
      "eval_RMSE_dH0": 23.771421432495117,
      "eval_loss": 0.5341910123825073,
      "eval_runtime": 0.1915,
      "eval_samples_per_second": 553.408,
      "eval_scaled_MAE": 0.5726553797721863,
      "eval_scaled_MSE_loss": 0.5341910123825073,
      "eval_scaled_R2": 0.6172152426212552,
      "eval_scaled_RMSE": 0.7276816368103027,
      "eval_steps_per_second": 36.546,
      "step": 1815
    },
    {
      "epoch": 16.0,
      "learning_rate": 4.8633468041719924e-05,
      "loss": 0.0459,
      "step": 1936
    },
    {
      "epoch": 16.0,
      "eval_MAE": 18.149105072021484,
      "eval_MAE_dE0": 16.48454475402832,
      "eval_MAE_dH0": 19.81366539001465,
      "eval_R2": 0.60305258785352,
      "eval_R2_dE0": 0.46931758674540525,
      "eval_R2_dH0": 0.7367875889616347,
      "eval_RMSE": 23.405677795410156,
      "eval_RMSE_dE0": 21.744966506958008,
      "eval_RMSE_dH0": 25.066387176513672,
      "eval_loss": 0.5596158504486084,
      "eval_runtime": 0.1838,
      "eval_samples_per_second": 576.594,
      "eval_scaled_MAE": 0.5770316123962402,
      "eval_scaled_MSE_loss": 0.5596157908439636,
      "eval_scaled_R2": 0.60305257733508,
      "eval_scaled_RMSE": 0.7463294267654419,
      "eval_steps_per_second": 38.077,
      "step": 1936
    },
    {
      "epoch": 17.0,
      "learning_rate": 4.314261391371375e-05,
      "loss": 0.043,
      "step": 2057
    },
    {
      "epoch": 17.0,
      "eval_MAE": 17.468862533569336,
      "eval_MAE_dE0": 15.907108306884766,
      "eval_MAE_dH0": 19.030624389648438,
      "eval_R2": 0.6172729620509247,
      "eval_R2_dE0": 0.47931520408906625,
      "eval_R2_dH0": 0.7552307200127831,
      "eval_RMSE": 22.85570526123047,
      "eval_RMSE_dE0": 21.53916358947754,
      "eval_RMSE_dH0": 24.1722469329834,
      "eval_loss": 0.5366911888122559,
      "eval_runtime": 0.1572,
      "eval_samples_per_second": 674.351,
      "eval_scaled_MAE": 0.5555845499038696,
      "eval_scaled_MSE_loss": 0.5366911888122559,
      "eval_scaled_R2": 0.6172729568007027,
      "eval_scaled_RMSE": 0.7301557064056396,
      "eval_steps_per_second": 44.533,
      "step": 2057
    },
    {
      "epoch": 18.0,
      "learning_rate": 3.7735023282176145e-05,
      "loss": 0.0415,
      "step": 2178
    },
    {
      "epoch": 18.0,
      "eval_MAE": 18.08125877380371,
      "eval_MAE_dE0": 16.258834838867188,
      "eval_MAE_dH0": 19.903676986694336,
      "eval_R2": 0.6163092998526779,
      "eval_R2_dE0": 0.49203688301987514,
      "eval_R2_dH0": 0.7405817166854807,
      "eval_RMSE": 23.07973861694336,
      "eval_RMSE_dE0": 21.2744083404541,
      "eval_RMSE_dH0": 24.88507080078125,
      "eval_loss": 0.5425211191177368,
      "eval_runtime": 0.1595,
      "eval_samples_per_second": 664.719,
      "eval_scaled_MAE": 0.5741413831710815,
      "eval_scaled_MSE_loss": 0.5425211191177368,
      "eval_scaled_R2": 0.6163092885453801,
      "eval_scaled_RMSE": 0.7351870536804199,
      "eval_steps_per_second": 43.897,
      "step": 2178
    },
    {
      "epoch": 19.0,
      "learning_rate": 3.247635599151242e-05,
      "loss": 0.0368,
      "step": 2299
    },
    {
      "epoch": 19.0,
      "eval_MAE": 17.84638214111328,
      "eval_MAE_dE0": 16.031286239624023,
      "eval_MAE_dH0": 19.661476135253906,
      "eval_R2": 0.6150146364576761,
      "eval_R2_dE0": 0.4888008377210886,
      "eval_R2_dH0": 0.7412284351942635,
      "eval_RMSE": 23.09804916381836,
      "eval_RMSE_dE0": 21.342065811157227,
      "eval_RMSE_dH0": 24.85403060913086,
      "eval_loss": 0.543865978717804,
      "eval_runtime": 0.1708,
      "eval_samples_per_second": 620.588,
      "eval_scaled_MAE": 0.5666102766990662,
      "eval_scaled_MSE_loss": 0.5438659191131592,
      "eval_scaled_R2": 0.6150146250337953,
      "eval_scaled_RMSE": 0.7359971404075623,
      "eval_steps_per_second": 40.982,
      "step": 2299
    },
    {
      "epoch": 20.0,
      "learning_rate": 2.7430463634716787e-05,
      "loss": 0.0337,
      "step": 2420
    },
    {
      "epoch": 20.0,
      "eval_MAE": 17.857019424438477,
      "eval_MAE_dE0": 16.172565460205078,
      "eval_MAE_dH0": 19.54146957397461,
      "eval_R2": 0.6102529228561206,
      "eval_R2_dE0": 0.4759690667631693,
      "eval_R2_dH0": 0.7445367789490721,
      "eval_RMSE": 23.15145492553711,
      "eval_RMSE_dE0": 21.60826301574707,
      "eval_RMSE_dH0": 24.694643020629883,
      "eval_loss": 0.5485153794288635,
      "eval_runtime": 0.1695,
      "eval_samples_per_second": 625.543,
      "eval_scaled_MAE": 0.5675363540649414,
      "eval_scaled_MSE_loss": 0.5485154390335083,
      "eval_scaled_R2": 0.6102529111986867,
      "eval_scaled_RMSE": 0.7386674880981445,
      "eval_steps_per_second": 41.309,
      "step": 2420
    },
    {
      "epoch": 21.0,
      "learning_rate": 2.2658614256951654e-05,
      "loss": 0.0336,
      "step": 2541
    },
    {
      "epoch": 21.0,
      "eval_MAE": 18.036802291870117,
      "eval_MAE_dE0": 16.834060668945312,
      "eval_MAE_dH0": 19.239545822143555,
      "eval_R2": 0.6159175364402382,
      "eval_R2_dE0": 0.4811440264393483,
      "eval_R2_dH0": 0.750691046441128,
      "eval_RMSE": 22.948341369628906,
      "eval_RMSE_dE0": 21.501304626464844,
      "eval_RMSE_dH0": 24.395376205444336,
      "eval_loss": 0.5397640466690063,
      "eval_runtime": 0.186,
      "eval_samples_per_second": 569.837,
      "eval_scaled_MAE": 0.5754778385162354,
      "eval_scaled_MSE_loss": 0.5397640466690063,
      "eval_scaled_R2": 0.6159175239495024,
      "eval_scaled_RMSE": 0.7325559854507446,
      "eval_steps_per_second": 37.631,
      "step": 2541
    },
    {
      "epoch": 22.0,
      "learning_rate": 1.8218748428984783e-05,
      "loss": 0.0305,
      "step": 2662
    },
    {
      "epoch": 22.0,
      "eval_MAE": 17.38341522216797,
      "eval_MAE_dE0": 15.919012069702148,
      "eval_MAE_dH0": 18.84781837463379,
      "eval_R2": 0.6355048339318983,
      "eval_R2_dE0": 0.5113974316228339,
      "eval_R2_dH0": 0.7596122362409627,
      "eval_RMSE": 22.409984588623047,
      "eval_RMSE_dE0": 20.865041732788086,
      "eval_RMSE_dH0": 23.954919815063477,
      "eval_loss": 0.5134479403495789,
      "eval_runtime": 0.1748,
      "eval_samples_per_second": 606.246,
      "eval_scaled_MAE": 0.5532675981521606,
      "eval_scaled_MSE_loss": 0.5134478807449341,
      "eval_scaled_R2": 0.6355048317461279,
      "eval_scaled_RMSE": 0.7147815227508545,
      "eval_steps_per_second": 40.035,
      "step": 2662
    }
  ],
  "max_steps": 3630,
  "num_train_epochs": 30,
  "total_flos": 62217527961600.0,
  "trial_name": null,
  "trial_params": null
}
