{
  "best_metric": 0.3430503010749817,
  "best_model_checkpoint": "fine_tune/checkpoint-1936",
  "epoch": 16.0,
  "global_step": 1936,
  "is_hyper_param_search": false,
  "is_local_process_zero": true,
  "is_world_process_zero": true,
  "log_history": [
    {
      "epoch": 1.0,
      "learning_rate": 6.648351648351648e-05,
      "loss": 0.9168,
      "step": 121
    },
    {
      "epoch": 1.0,
      "eval_MAE": 22.12506103515625,
      "eval_MAE_dE0": 19.174957275390625,
      "eval_MAE_dH0": 25.075162887573242,
      "eval_R2": -0.11246512445679269,
      "eval_R2_dE0": -0.13230775570380726,
      "eval_R2_dH0": -0.09262246297227716,
      "eval_RMSE": 28.06212615966797,
      "eval_RMSE_dE0": 24.265493392944336,
      "eval_RMSE_dH0": 31.858762741088867,
      "eval_loss": 0.815395176410675,
      "eval_runtime": 0.1783,
      "eval_samples_per_second": 639.426,
      "eval_scaled_MAE": 0.7121354341506958,
      "eval_scaled_MSE_loss": 0.815395176410675,
      "eval_scaled_R2": -0.11246509882577593,
      "eval_scaled_RMSE": 0.9029767513275146,
      "eval_steps_per_second": 44.872,
      "step": 121
    },
    {
      "epoch": 2.0,
      "learning_rate": 9.992530361627997e-05,
      "loss": 0.5228,
      "step": 242
    },
    {
      "epoch": 2.0,
      "eval_MAE": 19.06524085998535,
      "eval_MAE_dE0": 18.261619567871094,
      "eval_MAE_dH0": 19.868858337402344,
      "eval_R2": 0.20571581393298533,
      "eval_R2_dE0": 0.05558655680486568,
      "eval_R2_dH0": 0.35584509628101746,
      "eval_RMSE": 23.31138038635254,
      "eval_RMSE_dE0": 22.16092872619629,
      "eval_RMSE_dH0": 24.461833953857422,
      "eval_loss": 0.5815714597702026,
      "eval_runtime": 0.1696,
      "eval_samples_per_second": 672.005,
      "eval_scaled_MAE": 0.6216932535171509,
      "eval_scaled_MSE_loss": 0.5815714597702026,
      "eval_scaled_R2": 0.2057158333597255,
      "eval_scaled_RMSE": 0.7593779563903809,
      "eval_steps_per_second": 47.158,
      "step": 242
    },
    {
      "epoch": 3.0,
      "learning_rate": 9.932161244697887e-05,
      "loss": 0.3734,
      "step": 363
    },
    {
      "epoch": 3.0,
      "eval_MAE": 16.26251220703125,
      "eval_MAE_dE0": 16.273242950439453,
      "eval_MAE_dH0": 16.251785278320312,
      "eval_R2": 0.36984848750326577,
      "eval_R2_dE0": 0.16898748094390204,
      "eval_R2_dH0": 0.5707095162542482,
      "eval_RMSE": 20.378751754760742,
      "eval_RMSE_dE0": 20.787900924682617,
      "eval_RMSE_dH0": 19.969606399536133,
      "eval_loss": 0.46102797985076904,
      "eval_runtime": 0.1882,
      "eval_samples_per_second": 605.895,
      "eval_scaled_MAE": 0.5335211753845215,
      "eval_scaled_MSE_loss": 0.46102797985076904,
      "eval_scaled_R2": 0.36984850458323304,
      "eval_scaled_RMSE": 0.6703927516937256,
      "eval_steps_per_second": 42.519,
      "step": 363
    },
    {
      "epoch": 4.0,
      "learning_rate": 9.811905024254431e-05,
      "loss": 0.2898,
      "step": 484
    },
    {
      "epoch": 4.0,
      "eval_MAE": 15.408535957336426,
      "eval_MAE_dE0": 15.553939819335938,
      "eval_MAE_dH0": 15.263129234313965,
      "eval_R2": 0.42616620201265776,
      "eval_R2_dE0": 0.24119624389158478,
      "eval_R2_dH0": 0.6111361803970641,
      "eval_RMSE": 19.435150146484375,
      "eval_RMSE_dE0": 19.86422348022461,
      "eval_RMSE_dH0": 19.00608253479004,
      "eval_loss": 0.41981592774391174,
      "eval_runtime": 0.154,
      "eval_samples_per_second": 740.209,
      "eval_scaled_MAE": 0.5061305165290833,
      "eval_scaled_MSE_loss": 0.41981592774391174,
      "eval_scaled_R2": 0.4261662059346491,
      "eval_scaled_RMSE": 0.6395312547683716,
      "eval_steps_per_second": 51.944,
      "step": 484
    },
    {
      "epoch": 5.0,
      "learning_rate": 9.633221870872866e-05,
      "loss": 0.2292,
      "step": 605
    },
    {
      "epoch": 5.0,
      "eval_MAE": 15.693655014038086,
      "eval_MAE_dE0": 16.163204193115234,
      "eval_MAE_dH0": 15.224108695983887,
      "eval_R2": 0.4075978442998764,
      "eval_R2_dE0": 0.21556505493665823,
      "eval_R2_dH0": 0.5996306546108912,
      "eval_RMSE": 19.741065979003906,
      "eval_RMSE_dE0": 20.196929931640625,
      "eval_RMSE_dH0": 19.285205841064453,
      "eval_loss": 0.4333956241607666,
      "eval_runtime": 0.1775,
      "eval_samples_per_second": 642.331,
      "eval_scaled_MAE": 0.5169833898544312,
      "eval_scaled_MSE_loss": 0.433395653963089,
      "eval_scaled_R2": 0.407597850918221,
      "eval_scaled_RMSE": 0.6496903896331787,
      "eval_steps_per_second": 45.076,
      "step": 605
    },
    {
      "epoch": 6.0,
      "learning_rate": 9.398281384444956e-05,
      "loss": 0.1793,
      "step": 726
    },
    {
      "epoch": 6.0,
      "eval_MAE": 15.031763076782227,
      "eval_MAE_dE0": 14.84814739227295,
      "eval_MAE_dH0": 15.215376853942871,
      "eval_R2": 0.4675762119388174,
      "eval_R2_dE0": 0.323831384744374,
      "eval_R2_dH0": 0.6113210571898793,
      "eval_RMSE": 18.876495361328125,
      "eval_RMSE_dE0": 18.751428604125977,
      "eval_RMSE_dH0": 19.001564025878906,
      "eval_loss": 0.3896452784538269,
      "eval_runtime": 0.1752,
      "eval_samples_per_second": 650.656,
      "eval_scaled_MAE": 0.4922485947608948,
      "eval_scaled_MSE_loss": 0.3896452784538269,
      "eval_scaled_R2": 0.46757622326616594,
      "eval_scaled_RMSE": 0.6186413168907166,
      "eval_steps_per_second": 45.66,
      "step": 726
    },
    {
      "epoch": 7.0,
      "learning_rate": 9.109936250544453e-05,
      "loss": 0.1582,
      "step": 847
    },
    {
      "epoch": 7.0,
      "eval_MAE": 14.949647903442383,
      "eval_MAE_dE0": 14.541129112243652,
      "eval_MAE_dH0": 15.358166694641113,
      "eval_R2": 0.4507261220907182,
      "eval_R2_dE0": 0.3076441566090644,
      "eval_R2_dH0": 0.5938081060612594,
      "eval_RMSE": 19.19974136352539,
      "eval_RMSE_dE0": 18.974552154541016,
      "eval_RMSE_dH0": 19.424928665161133,
      "eval_loss": 0.4020000696182251,
      "eval_runtime": 0.172,
      "eval_samples_per_second": 662.897,
      "eval_scaled_MAE": 0.48851442337036133,
      "eval_scaled_MSE_loss": 0.4020000994205475,
      "eval_scaled_R2": 0.4507261296867913,
      "eval_scaled_RMSE": 0.628781795501709,
      "eval_steps_per_second": 46.519,
      "step": 847
    },
    {
      "epoch": 8.0,
      "learning_rate": 8.77168760265519e-05,
      "loss": 0.1324,
      "step": 968
    },
    {
      "epoch": 8.0,
      "eval_MAE": 14.649991989135742,
      "eval_MAE_dE0": 13.917940139770508,
      "eval_MAE_dH0": 15.382040023803711,
      "eval_R2": 0.4964158423180197,
      "eval_R2_dE0": 0.4050416370875344,
      "eval_R2_dH0": 0.5877900634364597,
      "eval_RMSE": 18.578834533691406,
      "eval_RMSE_dE0": 17.589365005493164,
      "eval_RMSE_dH0": 19.56829833984375,
      "eval_loss": 0.36873918771743774,
      "eval_runtime": 0.1786,
      "eval_samples_per_second": 638.292,
      "eval_scaled_MAE": 0.4771875739097595,
      "eval_scaled_MSE_loss": 0.36873921751976013,
      "eval_scaled_R2": 0.4964158454521644,
      "eval_scaled_RMSE": 0.6048773527145386,
      "eval_steps_per_second": 44.792,
      "step": 968
    },
    {
      "epoch": 9.0,
      "learning_rate": 8.387642510839236e-05,
      "loss": 0.1091,
      "step": 1089
    },
    {
      "epoch": 9.0,
      "eval_MAE": 14.521561622619629,
      "eval_MAE_dE0": 14.35301685333252,
      "eval_MAE_dH0": 14.690101623535156,
      "eval_R2": 0.4917977482934089,
      "eval_R2_dE0": 0.35090343578300465,
      "eval_R2_dH0": 0.6326920781374912,
      "eval_RMSE": 18.4220027923584,
      "eval_RMSE_dE0": 18.372215270996094,
      "eval_RMSE_dH0": 18.471790313720703,
      "eval_loss": 0.3719026744365692,
      "eval_runtime": 0.1641,
      "eval_samples_per_second": 694.712,
      "eval_scaled_MAE": 0.4755818545818329,
      "eval_scaled_MSE_loss": 0.3719026744365692,
      "eval_scaled_R2": 0.49179775407704096,
      "eval_scaled_RMSE": 0.6040805578231812,
      "eval_steps_per_second": 48.752,
      "step": 1089
    },
    {
      "epoch": 10.0,
      "learning_rate": 7.962464113024633e-05,
      "loss": 0.0939,
      "step": 1210
    },
    {
      "epoch": 10.0,
      "eval_MAE": 15.375688552856445,
      "eval_MAE_dE0": 14.627573013305664,
      "eval_MAE_dH0": 16.123802185058594,
      "eval_R2": 0.4338226553672022,
      "eval_R2_dE0": 0.3167755249964638,
      "eval_R2_dH0": 0.5508698039829811,
      "eval_RMSE": 19.63742446899414,
      "eval_RMSE_dE0": 18.849010467529297,
      "eval_RMSE_dH0": 20.42584228515625,
      "eval_loss": 0.414507657289505,
      "eval_runtime": 0.1652,
      "eval_samples_per_second": 690.137,
      "eval_scaled_MAE": 0.5009188055992126,
      "eval_scaled_MSE_loss": 0.4145076274871826,
      "eval_scaled_R2": 0.43382266074154785,
      "eval_scaled_RMSE": 0.640533447265625,
      "eval_steps_per_second": 48.431,
      "step": 1210
    },
    {
      "epoch": 11.0,
      "learning_rate": 7.501314994426723e-05,
      "loss": 0.0821,
      "step": 1331
    },
    {
      "epoch": 11.0,
      "eval_MAE": 15.022625923156738,
      "eval_MAE_dE0": 14.237552642822266,
      "eval_MAE_dH0": 15.807699203491211,
      "eval_R2": 0.4553276995900328,
      "eval_R2_dE0": 0.32924460272355693,
      "eval_R2_dH0": 0.581410814368571,
      "eval_RMSE": 19.197675704956055,
      "eval_RMSE_dE0": 18.676218032836914,
      "eval_RMSE_dH0": 19.719133377075195,
      "eval_loss": 0.39870306849479675,
      "eval_runtime": 0.1711,
      "eval_samples_per_second": 666.203,
      "eval_scaled_MAE": 0.48916611075401306,
      "eval_scaled_MSE_loss": 0.39870312809944153,
      "eval_scaled_R2": 0.45532771281382256,
      "eval_scaled_RMSE": 0.6273431777954102,
      "eval_steps_per_second": 46.751,
      "step": 1331
    },
    {
      "epoch": 12.0,
      "learning_rate": 7.009794502599331e-05,
      "loss": 0.0736,
      "step": 1452
    },
    {
      "epoch": 12.0,
      "eval_MAE": 14.559211730957031,
      "eval_MAE_dE0": 13.891555786132812,
      "eval_MAE_dH0": 15.22686767578125,
      "eval_R2": 0.4747855811471519,
      "eval_R2_dE0": 0.3514382991707352,
      "eval_R2_dH0": 0.5981328804429635,
      "eval_RMSE": 18.842945098876953,
      "eval_RMSE_dE0": 18.36464500427246,
      "eval_RMSE_dH0": 19.321243286132812,
      "eval_loss": 0.38445189595222473,
      "eval_runtime": 0.157,
      "eval_samples_per_second": 726.307,
      "eval_scaled_MAE": 0.4745076298713684,
      "eval_scaled_MSE_loss": 0.38445189595222473,
      "eval_scaled_R2": 0.474785592806179,
      "eval_scaled_RMSE": 0.6159064173698425,
      "eval_steps_per_second": 50.969,
      "step": 1452
    },
    {
      "epoch": 13.0,
      "learning_rate": 6.493870759246636e-05,
      "loss": 0.0656,
      "step": 1573
    },
    {
      "epoch": 13.0,
      "eval_MAE": 14.973769187927246,
      "eval_MAE_dE0": 13.692035675048828,
      "eval_MAE_dH0": 16.25550079345703,
      "eval_R2": 0.46712962558219606,
      "eval_R2_dE0": 0.3797661695760087,
      "eval_R2_dH0": 0.554493098151302,
      "eval_RMSE": 19.15119171142578,
      "eval_RMSE_dE0": 17.9591007232666,
      "eval_RMSE_dH0": 20.343284606933594,
      "eval_loss": 0.3902251720428467,
      "eval_runtime": 0.1818,
      "eval_samples_per_second": 627.172,
      "eval_scaled_MAE": 0.4852654039859772,
      "eval_scaled_MSE_loss": 0.39022520184516907,
      "eval_scaled_R2": 0.4671296322600386,
      "eval_scaled_RMSE": 0.6227154731750488,
      "eval_steps_per_second": 44.012,
      "step": 1573
    },
    {
      "epoch": 14.0,
      "learning_rate": 5.959808194319374e-05,
      "loss": 0.06,
      "step": 1694
    },
    {
      "epoch": 14.0,
      "eval_MAE": 15.341704368591309,
      "eval_MAE_dE0": 14.488631248474121,
      "eval_MAE_dH0": 16.19478416442871,
      "eval_R2": 0.4366037875858962,
      "eval_R2_dE0": 0.32281655674495713,
      "eval_R2_dH0": 0.5503910365105542,
      "eval_RMSE": 19.601110458374023,
      "eval_RMSE_dE0": 18.7654972076416,
      "eval_RMSE_dH0": 20.436725616455078,
      "eval_loss": 0.4124836027622223,
      "eval_runtime": 0.1712,
      "eval_samples_per_second": 666.024,
      "eval_scaled_MAE": 0.49931851029396057,
      "eval_scaled_MSE_loss": 0.4124836027622223,
      "eval_scaled_R2": 0.4366037932511086,
      "eval_scaled_RMSE": 0.639123797416687,
      "eval_steps_per_second": 46.739,
      "step": 1694
    },
    {
      "epoch": 15.0,
      "learning_rate": 5.414091482288152e-05,
      "loss": 0.0546,
      "step": 1815
    },
    {
      "epoch": 15.0,
      "eval_MAE": 14.363973617553711,
      "eval_MAE_dE0": 13.783447265625,
      "eval_MAE_dH0": 14.944502830505371,
      "eval_R2": 0.5067748050745373,
      "eval_R2_dE0": 0.38831852432729497,
      "eval_R2_dH0": 0.6252311021563135,
      "eval_RMSE": 18.246652603149414,
      "eval_RMSE_dE0": 17.83485221862793,
      "eval_RMSE_dH0": 18.6584529876709,
      "eval_loss": 0.3610243499279022,
      "eval_runtime": 0.1683,
      "eval_samples_per_second": 677.255,
      "eval_scaled_MAE": 0.4685063064098358,
      "eval_scaled_MSE_loss": 0.3610243499279022,
      "eval_scaled_R2": 0.5067748086624506,
      "eval_scaled_RMSE": 0.5966534614562988,
      "eval_steps_per_second": 47.527,
      "step": 1815
    },
    {
      "epoch": 16.0,
      "learning_rate": 4.8633468041719924e-05,
      "loss": 0.046,
      "step": 1936
    },
    {
      "epoch": 16.0,
      "eval_MAE": 14.044326782226562,
      "eval_MAE_dE0": 13.352967262268066,
      "eval_MAE_dH0": 14.73569107055664,
      "eval_R2": 0.5313382969299802,
      "eval_R2_dE0": 0.42003027522469993,
      "eval_R2_dH0": 0.6426463341229538,
      "eval_RMSE": 17.79308319091797,
      "eval_RMSE_dE0": 17.366390228271484,
      "eval_RMSE_dH0": 18.21977424621582,
      "eval_loss": 0.3430503010749817,
      "eval_runtime": 0.1761,
      "eval_samples_per_second": 647.414,
      "eval_scaled_MAE": 0.4575079083442688,
      "eval_scaled_MSE_loss": 0.3430502712726593,
      "eval_scaled_R2": 0.5313383063543953,
      "eval_scaled_RMSE": 0.5817056894302368,
      "eval_steps_per_second": 45.433,
      "step": 1936
    }
  ],
  "max_steps": 3630,
  "num_train_epochs": 30,
  "total_flos": 45296001515520.0,
  "trial_name": null,
  "trial_params": null
}
