{
  "best_metric": 0.3588184416294098,
  "best_model_checkpoint": "fine_tune/checkpoint-610",
  "epoch": 5.0,
  "global_step": 610,
  "is_hyper_param_search": false,
  "is_local_process_zero": true,
  "is_world_process_zero": true,
  "log_history": [
    {
      "epoch": 1.0,
      "learning_rate": 6.666666666666667e-05,
      "loss": 0.9198,
      "step": 122
    },
    {
      "epoch": 1.0,
      "eval_MAE": 18.406728744506836,
      "eval_MAE_dE0": 18.6573543548584,
      "eval_MAE_dH0": 18.15610694885254,
      "eval_R2": 0.4703842693955564,
      "eval_R2_dE0": 0.33186416666981,
      "eval_R2_dH0": 0.6089043721213028,
      "eval_RMSE": 23.817537307739258,
      "eval_RMSE_dE0": 22.833003997802734,
      "eval_RMSE_dH0": 24.80206871032715,
      "eval_loss": 0.5935845375061035,
      "eval_runtime": 0.1694,
      "eval_samples_per_second": 672.982,
      "eval_scaled_MAE": 0.5969769954681396,
      "eval_scaled_MSE_loss": 0.5935846567153931,
      "eval_scaled_R2": 0.47038426463951977,
      "eval_scaled_RMSE": 0.7663561105728149,
      "eval_steps_per_second": 47.227,
      "step": 122
    },
    {
      "epoch": 2.0,
      "learning_rate": 9.992407582166581e-05,
      "loss": 0.5176,
      "step": 244
    },
    {
      "epoch": 2.0,
      "eval_MAE": 13.657024383544922,
      "eval_MAE_dE0": 14.963090896606445,
      "eval_MAE_dH0": 12.350955963134766,
      "eval_R2": 0.6485586871744283,
      "eval_R2_dE0": 0.4758979570585111,
      "eval_R2_dH0": 0.8212194172903455,
      "eval_RMSE": 18.495826721191406,
      "eval_RMSE_dE0": 20.222673416137695,
      "eval_RMSE_dH0": 16.768978118896484,
      "eval_loss": 0.38836467266082764,
      "eval_runtime": 0.1498,
      "eval_samples_per_second": 760.91,
      "eval_scaled_MAE": 0.4481583833694458,
      "eval_scaled_MSE_loss": 0.38836467266082764,
      "eval_scaled_R2": 0.6485586787708415,
      "eval_scaled_RMSE": 0.6067489981651306,
      "eval_steps_per_second": 53.397,
      "step": 244
    },
    {
      "epoch": 3.0,
      "learning_rate": 9.931806517013612e-05,
      "loss": 0.3583,
      "step": 366
    },
    {
      "epoch": 3.0,
      "eval_MAE": 14.259151458740234,
      "eval_MAE_dE0": 15.334796905517578,
      "eval_MAE_dH0": 13.18350887298584,
      "eval_R2": 0.6278334604655817,
      "eval_R2_dE0": 0.4410577753739765,
      "eval_R2_dH0": 0.814609145557187,
      "eval_RMSE": 18.98009490966797,
      "eval_RMSE_dE0": 20.88401985168457,
      "eval_RMSE_dH0": 17.076173782348633,
      "eval_loss": 0.41099822521209717,
      "eval_runtime": 0.1553,
      "eval_samples_per_second": 734.283,
      "eval_scaled_MAE": 0.46657347679138184,
      "eval_scaled_MSE_loss": 0.41099822521209717,
      "eval_scaled_R2": 0.6278334703059572,
      "eval_scaled_RMSE": 0.6232506036758423,
      "eval_steps_per_second": 51.529,
      "step": 366
    },
    {
      "epoch": 4.0,
      "learning_rate": 9.811340001546251e-05,
      "loss": 0.273,
      "step": 488
    },
    {
      "epoch": 4.0,
      "eval_MAE": 13.058606147766113,
      "eval_MAE_dE0": 14.147446632385254,
      "eval_MAE_dH0": 11.96976375579834,
      "eval_R2": 0.671072012887844,
      "eval_R2_dE0": 0.5105995662200009,
      "eval_R2_dH0": 0.831544459555687,
      "eval_RMSE": 17.909637451171875,
      "eval_RMSE_dE0": 19.54172134399414,
      "eval_RMSE_dH0": 16.277551651000977,
      "eval_loss": 0.36356320977211,
      "eval_runtime": 0.1502,
      "eval_samples_per_second": 758.866,
      "eval_scaled_MAE": 0.4277746081352234,
      "eval_scaled_MSE_loss": 0.3635631501674652,
      "eval_scaled_R2": 0.6710720127619426,
      "eval_scaled_RMSE": 0.5873324871063232,
      "eval_steps_per_second": 53.254,
      "step": 488
    },
    {
      "epoch": 5.0,
      "learning_rate": 9.632470336074009e-05,
      "loss": 0.2037,
      "step": 610
    },
    {
      "epoch": 5.0,
      "eval_MAE": 13.60951042175293,
      "eval_MAE_dE0": 14.795936584472656,
      "eval_MAE_dH0": 12.423083305358887,
      "eval_R2": 0.6759484145393122,
      "eval_R2_dE0": 0.5272834322126222,
      "eval_R2_dH0": 0.8246133968660021,
      "eval_RMSE": 17.907392501831055,
      "eval_RMSE_dE0": 19.20574188232422,
      "eval_RMSE_dH0": 16.609045028686523,
      "eval_loss": 0.3588184416294098,
      "eval_runtime": 0.1539,
      "eval_samples_per_second": 740.902,
      "eval_scaled_MAE": 0.4460620880126953,
      "eval_scaled_MSE_loss": 0.3588184416294098,
      "eval_scaled_R2": 0.6759484140998079,
      "eval_scaled_RMSE": 0.585702657699585,
      "eval_steps_per_second": 51.993,
      "step": 610
    }
  ],
  "max_steps": 3660,
  "num_train_epochs": 30,
  "total_flos": 14228266521600.0,
  "trial_name": null,
  "trial_params": null
}
