{
  "best_metric": 0.8116969466209412,
  "best_model_checkpoint": "fine_tune/checkpoint-976",
  "epoch": 8.0,
  "global_step": 976,
  "is_hyper_param_search": false,
  "is_local_process_zero": true,
  "is_world_process_zero": true,
  "log_history": [
    {
      "epoch": 1.0,
      "learning_rate": 6.666666666666667e-05,
      "loss": 0.9232,
      "step": 122
    },
    {
      "epoch": 1.0,
      "eval_MAE": 26.44349479675293,
      "eval_MAE_dE0": 23.46382713317871,
      "eval_MAE_dH0": 29.423158645629883,
      "eval_R2": 0.1367007068017439,
      "eval_R2_dE0": 0.0865731281209503,
      "eval_R2_dH0": 0.18682827799309842,
      "eval_RMSE": 34.768218994140625,
      "eval_RMSE_dE0": 30.238435745239258,
      "eval_RMSE_dH0": 39.298004150390625,
      "eval_loss": 1.2431526184082031,
      "eval_runtime": 0.1604,
      "eval_samples_per_second": 698.15,
      "eval_scaled_MAE": 0.8501173853874207,
      "eval_scaled_MSE_loss": 1.2431527376174927,
      "eval_scaled_R2": 0.1367006867628049,
      "eval_scaled_RMSE": 1.1148324012756348,
      "eval_steps_per_second": 43.634,
      "step": 122
    },
    {
      "epoch": 2.0,
      "learning_rate": 9.992407582166581e-05,
      "loss": 0.5,
      "step": 244
    },
    {
      "epoch": 2.0,
      "eval_MAE": 23.64223861694336,
      "eval_MAE_dE0": 22.342260360717773,
      "eval_MAE_dH0": 24.942201614379883,
      "eval_R2": 0.3413526150162829,
      "eval_R2_dE0": 0.23250580324475223,
      "eval_R2_dH0": 0.4501994204949168,
      "eval_RMSE": 30.015609741210938,
      "eval_RMSE_dE0": 27.717878341674805,
      "eval_RMSE_dH0": 32.31334686279297,
      "eval_loss": 0.9457055330276489,
      "eval_runtime": 0.154,
      "eval_samples_per_second": 727.432,
      "eval_scaled_MAE": 0.7665506601333618,
      "eval_scaled_MSE_loss": 0.9457055926322937,
      "eval_scaled_R2": 0.3413526127945467,
      "eval_scaled_RMSE": 0.9701147079467773,
      "eval_steps_per_second": 45.465,
      "step": 244
    },
    {
      "epoch": 3.0,
      "learning_rate": 9.931806517013612e-05,
      "loss": 0.3539,
      "step": 366
    },
    {
      "epoch": 3.0,
      "eval_MAE": 21.474380493164062,
      "eval_MAE_dE0": 20.79060935974121,
      "eval_MAE_dH0": 22.158140182495117,
      "eval_R2": 0.42152791789761274,
      "eval_R2_dE0": 0.2875981178709184,
      "eval_R2_dH0": 0.5554577120831274,
      "eval_RMSE": 27.88027000427246,
      "eval_RMSE_dE0": 26.704530715942383,
      "eval_RMSE_dH0": 29.056005477905273,
      "eval_loss": 0.8290955424308777,
      "eval_runtime": 0.1507,
      "eval_samples_per_second": 743.34,
      "eval_scaled_MAE": 0.6986268758773804,
      "eval_scaled_MSE_loss": 0.8290954828262329,
      "eval_scaled_R2": 0.4215279208835332,
      "eval_scaled_RMSE": 0.9056599140167236,
      "eval_steps_per_second": 46.459,
      "step": 366
    },
    {
      "epoch": 4.0,
      "learning_rate": 9.811340001546251e-05,
      "loss": 0.2659,
      "step": 488
    },
    {
      "epoch": 4.0,
      "eval_MAE": 20.62096405029297,
      "eval_MAE_dE0": 20.668893814086914,
      "eval_MAE_dH0": 20.573028564453125,
      "eval_R2": 0.42483759507380975,
      "eval_R2_dE0": 0.23645720885875543,
      "eval_R2_dH0": 0.613217975028366,
      "eval_RMSE": 27.37456703186035,
      "eval_RMSE_dE0": 27.646434783935547,
      "eval_RMSE_dH0": 27.10269546508789,
      "eval_loss": 0.8222026824951172,
      "eval_runtime": 0.1431,
      "eval_samples_per_second": 782.569,
      "eval_scaled_MAE": 0.6742144823074341,
      "eval_scaled_MSE_loss": 0.822202742099762,
      "eval_scaled_R2": 0.424837595035473,
      "eval_scaled_RMSE": 0.8960181474685669,
      "eval_steps_per_second": 48.911,
      "step": 488
    },
    {
      "epoch": 5.0,
      "learning_rate": 9.634168489154652e-05,
      "loss": 0.2065,
      "step": 610
    },
    {
      "epoch": 5.0,
      "eval_MAE": 21.274850845336914,
      "eval_MAE_dE0": 21.817251205444336,
      "eval_MAE_dH0": 20.73244285583496,
      "eval_R2": 0.3965668550855035,
      "eval_R2_dE0": 0.2017918667241747,
      "eval_R2_dH0": 0.5913418369021035,
      "eval_RMSE": 28.06283187866211,
      "eval_RMSE_dE0": 28.267051696777344,
      "eval_RMSE_dH0": 27.858610153198242,
      "eval_loss": 0.8627275824546814,
      "eval_runtime": 0.149,
      "eval_samples_per_second": 751.618,
      "eval_scaled_MAE": 0.6979389190673828,
      "eval_scaled_MSE_loss": 0.8627276420593262,
      "eval_scaled_R2": 0.39656686546107633,
      "eval_scaled_RMSE": 0.9181919097900391,
      "eval_steps_per_second": 46.976,
      "step": 610
    },
    {
      "epoch": 6.0,
      "learning_rate": 9.399517137423423e-05,
      "loss": 0.1732,
      "step": 732
    },
    {
      "epoch": 6.0,
      "eval_MAE": 21.814651489257812,
      "eval_MAE_dE0": 20.9993839263916,
      "eval_MAE_dH0": 22.629919052124023,
      "eval_R2": 0.31093722431898746,
      "eval_R2_dE0": 0.11755218909654208,
      "eval_R2_dH0": 0.5043222523059997,
      "eval_RMSE": 30.201457977294922,
      "eval_RMSE_dE0": 29.721240997314453,
      "eval_RMSE_dH0": 30.68167495727539,
      "eval_loss": 0.9862820506095886,
      "eval_runtime": 0.1587,
      "eval_samples_per_second": 705.761,
      "eval_scaled_MAE": 0.7091231346130371,
      "eval_scaled_MSE_loss": 0.9862820506095886,
      "eval_scaled_R2": 0.3109372213664672,
      "eval_scaled_RMSE": 0.9848357439041138,
      "eval_steps_per_second": 44.11,
      "step": 732
    },
    {
      "epoch": 7.0,
      "learning_rate": 9.111461607387725e-05,
      "loss": 0.1385,
      "step": 854
    },
    {
      "epoch": 7.0,
      "eval_MAE": 20.202335357666016,
      "eval_MAE_dE0": 20.363969802856445,
      "eval_MAE_dH0": 20.040700912475586,
      "eval_R2": 0.4073916887330501,
      "eval_R2_dE0": 0.21616381277279895,
      "eval_R2_dH0": 0.598619558266412,
      "eval_RMSE": 27.8104248046875,
      "eval_RMSE_dE0": 28.011417388916016,
      "eval_RMSE_dH0": 27.609432220458984,
      "eval_loss": 0.8472535014152527,
      "eval_runtime": 0.1507,
      "eval_samples_per_second": 743.207,
      "eval_scaled_MAE": 0.661072850227356,
      "eval_scaled_MSE_loss": 0.8472534418106079,
      "eval_scaled_R2": 0.4073916893310052,
      "eval_scaled_RMSE": 0.9099267721176147,
      "eval_steps_per_second": 46.45,
      "step": 854
    },
    {
      "epoch": 8.0,
      "learning_rate": 8.773498502971833e-05,
      "loss": 0.1168,
      "step": 976
    },
    {
      "epoch": 8.0,
      "eval_MAE": 19.267677307128906,
      "eval_MAE_dE0": 19.91342544555664,
      "eval_MAE_dH0": 18.62192153930664,
      "eval_R2": 0.4312156998324587,
      "eval_R2_dE0": 0.20925697261158682,
      "eval_R2_dH0": 0.6531744205698102,
      "eval_RMSE": 26.899593353271484,
      "eval_RMSE_dE0": 28.134559631347656,
      "eval_RMSE_dH0": 25.66462516784668,
      "eval_loss": 0.8116969466209412,
      "eval_runtime": 0.1471,
      "eval_samples_per_second": 761.206,
      "eval_scaled_MAE": 0.6328268647193909,
      "eval_scaled_MSE_loss": 0.8116968870162964,
      "eval_scaled_R2": 0.4312157061398731,
      "eval_scaled_RMSE": 0.8850757479667664,
      "eval_steps_per_second": 47.575,
      "step": 976
    }
  ],
  "max_steps": 3660,
  "num_train_epochs": 30,
  "total_flos": 22765226434560.0,
  "trial_name": null,
  "trial_params": null
}
