{
  "best_metric": 0.2628379166126251,
  "best_model_checkpoint": "fine_tune/checkpoint-3146",
  "epoch": 26.0,
  "global_step": 3146,
  "is_hyper_param_search": false,
  "is_local_process_zero": true,
  "is_world_process_zero": true,
  "log_history": [
    {
      "epoch": 1.0,
      "learning_rate": 6.593406593406594e-05,
      "loss": 0.9917,
      "step": 121
    },
    {
      "epoch": 1.0,
      "eval_MAE": 17.780071258544922,
      "eval_MAE_dE0": 18.979639053344727,
      "eval_MAE_dH0": 16.580503463745117,
      "eval_R2": 0.37725822834605743,
      "eval_R2_dE0": 0.2299318334345568,
      "eval_R2_dH0": 0.5245846233635749,
      "eval_RMSE": 23.042240142822266,
      "eval_RMSE_dE0": 22.796581268310547,
      "eval_RMSE_dH0": 23.287900924682617,
      "eval_loss": 0.5957273244857788,
      "eval_runtime": 0.1744,
      "eval_samples_per_second": 584.724,
      "eval_scaled_MAE": 0.5972920656204224,
      "eval_scaled_MSE_loss": 0.5957273840904236,
      "eval_scaled_R2": 0.3772582300797748,
      "eval_scaled_RMSE": 0.7660731077194214,
      "eval_steps_per_second": 40.128,
      "step": 121
    },
    {
      "epoch": 2.0,
      "learning_rate": 9.992777215210047e-05,
      "loss": 0.5634,
      "step": 242
    },
    {
      "epoch": 2.0,
      "eval_MAE": 15.444169998168945,
      "eval_MAE_dE0": 17.475114822387695,
      "eval_MAE_dH0": 13.413220405578613,
      "eval_R2": 0.5195960732976528,
      "eval_R2_dE0": 0.32691230966412677,
      "eval_R2_dH0": 0.7122798370238441,
      "eval_RMSE": 19.71475601196289,
      "eval_RMSE_dE0": 21.312820434570312,
      "eval_RMSE_dH0": 18.116689682006836,
      "eval_loss": 0.4600048363208771,
      "eval_runtime": 0.1629,
      "eval_samples_per_second": 626.288,
      "eval_scaled_MAE": 0.523212194442749,
      "eval_scaled_MSE_loss": 0.4600048363208771,
      "eval_scaled_R2": 0.5195960726585661,
      "eval_scaled_RMSE": 0.6634743213653564,
      "eval_steps_per_second": 42.981,
      "step": 242
    },
    {
      "epoch": 3.0,
      "learning_rate": 9.932907097162202e-05,
      "loss": 0.3779,
      "step": 363
    },
    {
      "epoch": 3.0,
      "eval_MAE": 14.98539924621582,
      "eval_MAE_dE0": 16.977388381958008,
      "eval_MAE_dH0": 12.993409156799316,
      "eval_R2": 0.5513479316407606,
      "eval_R2_dE0": 0.3717934953795592,
      "eval_R2_dH0": 0.7309023679884483,
      "eval_RMSE": 19.055294036865234,
      "eval_RMSE_dE0": 20.59000015258789,
      "eval_RMSE_dH0": 17.520586013793945,
      "eval_loss": 0.42959898710250854,
      "eval_runtime": 0.1504,
      "eval_samples_per_second": 678.261,
      "eval_scaled_MAE": 0.5077649354934692,
      "eval_scaled_MSE_loss": 0.4295990467071533,
      "eval_scaled_R2": 0.5513479470429339,
      "eval_scaled_RMSE": 0.6412369012832642,
      "eval_steps_per_second": 46.547,
      "step": 363
    },
    {
      "epoch": 4.0,
      "learning_rate": 9.813140819339159e-05,
      "loss": 0.2674,
      "step": 484
    },
    {
      "epoch": 4.0,
      "eval_MAE": 12.596076965332031,
      "eval_MAE_dE0": 15.269306182861328,
      "eval_MAE_dH0": 9.922845840454102,
      "eval_R2": 0.6277799509437361,
      "eval_R2_dE0": 0.4233138348324659,
      "eval_R2_dH0": 0.8322460671343999,
      "eval_RMSE": 16.780532836914062,
      "eval_RMSE_dE0": 19.727628707885742,
      "eval_RMSE_dH0": 13.833436965942383,
      "eval_loss": 0.35672247409820557,
      "eval_runtime": 0.1577,
      "eval_samples_per_second": 646.697,
      "eval_scaled_MAE": 0.4312398433685303,
      "eval_scaled_MSE_loss": 0.3567224144935608,
      "eval_scaled_R2": 0.6277799599879674,
      "eval_scaled_RMSE": 0.5717722773551941,
      "eval_steps_per_second": 44.381,
      "step": 484
    },
    {
      "epoch": 5.0,
      "learning_rate": 9.634932603353221e-05,
      "loss": 0.2028,
      "step": 605
    },
    {
      "epoch": 5.0,
      "eval_MAE": 12.911849021911621,
      "eval_MAE_dE0": 14.46066951751709,
      "eval_MAE_dH0": 11.363024711608887,
      "eval_R2": 0.6518961378720955,
      "eval_R2_dE0": 0.5076488531613339,
      "eval_R2_dH0": 0.7961434226506401,
      "eval_RMSE": 16.738832473754883,
      "eval_RMSE_dE0": 18.2281494140625,
      "eval_RMSE_dH0": 15.249516487121582,
      "eval_loss": 0.3333483934402466,
      "eval_runtime": 0.1586,
      "eval_samples_per_second": 643.183,
      "eval_scaled_MAE": 0.43676096200942993,
      "eval_scaled_MSE_loss": 0.3333483338356018,
      "eval_scaled_R2": 0.6518961402653045,
      "eval_scaled_RMSE": 0.5639117360115051,
      "eval_steps_per_second": 44.14,
      "step": 605
    },
    {
      "epoch": 6.0,
      "learning_rate": 9.400446282329095e-05,
      "loss": 0.1564,
      "step": 726
    },
    {
      "epoch": 6.0,
      "eval_MAE": 13.628503799438477,
      "eval_MAE_dE0": 15.087262153625488,
      "eval_MAE_dH0": 12.169739723205566,
      "eval_R2": 0.615692339496646,
      "eval_R2_dE0": 0.45506230254642055,
      "eval_R2_dH0": 0.7763223765218943,
      "eval_RMSE": 17.575292587280273,
      "eval_RMSE_dE0": 19.176908493041992,
      "eval_RMSE_dH0": 15.97368049621582,
      "eval_loss": 0.3680253028869629,
      "eval_runtime": 0.1776,
      "eval_samples_per_second": 574.298,
      "eval_scaled_MAE": 0.46022123098373413,
      "eval_scaled_MSE_loss": 0.3680252432823181,
      "eval_scaled_R2": 0.6156923587085101,
      "eval_scaled_RMSE": 0.5922592282295227,
      "eval_steps_per_second": 39.413,
      "step": 726
    },
    {
      "epoch": 7.0,
      "learning_rate": 9.112529027290382e-05,
      "loss": 0.1343,
      "step": 847
    },
    {
      "epoch": 7.0,
      "eval_MAE": 12.539104461669922,
      "eval_MAE_dE0": 13.449400901794434,
      "eval_MAE_dH0": 11.628808975219727,
      "eval_R2": 0.6748050012289484,
      "eval_R2_dE0": 0.5774307119603955,
      "eval_R2_dH0": 0.7721792905556771,
      "eval_RMSE": 16.503997802734375,
      "eval_RMSE_dE0": 16.887062072753906,
      "eval_RMSE_dH0": 16.12093734741211,
      "eval_loss": 0.31120210886001587,
      "eval_runtime": 0.1654,
      "eval_samples_per_second": 616.787,
      "eval_scaled_MAE": 0.42151594161987305,
      "eval_scaled_MSE_loss": 0.31120213866233826,
      "eval_scaled_R2": 0.6748050069977891,
      "eval_scaled_RMSE": 0.5511816143989563,
      "eval_steps_per_second": 42.329,
      "step": 847
    },
    {
      "epoch": 8.0,
      "learning_rate": 8.774676776346227e-05,
      "loss": 0.1114,
      "step": 968
    },
    {
      "epoch": 8.0,
      "eval_MAE": 13.378664016723633,
      "eval_MAE_dE0": 14.64745807647705,
      "eval_MAE_dH0": 12.109871864318848,
      "eval_R2": 0.6222072483301863,
      "eval_R2_dE0": 0.48316422359927513,
      "eval_R2_dH0": 0.7612502731322511,
      "eval_RMSE": 17.589488983154297,
      "eval_RMSE_dE0": 18.675891876220703,
      "eval_RMSE_dH0": 16.503084182739258,
      "eval_loss": 0.3616812825202942,
      "eval_runtime": 0.1553,
      "eval_samples_per_second": 656.626,
      "eval_scaled_MAE": 0.4510597586631775,
      "eval_scaled_MSE_loss": 0.3616812229156494,
      "eval_scaled_R2": 0.6222072501131897,
      "eval_scaled_RMSE": 0.5904444456100464,
      "eval_steps_per_second": 45.063,
      "step": 968
    },
    {
      "epoch": 9.0,
      "learning_rate": 8.390991786442559e-05,
      "loss": 0.0937,
      "step": 1089
    },
    {
      "epoch": 9.0,
      "eval_MAE": 12.539082527160645,
      "eval_MAE_dE0": 13.614553451538086,
      "eval_MAE_dH0": 11.46360969543457,
      "eval_R2": 0.6819270074106987,
      "eval_R2_dE0": 0.5833482258512886,
      "eval_R2_dH0": 0.78050578902747,
      "eval_RMSE": 16.296001434326172,
      "eval_RMSE_dE0": 16.768404006958008,
      "eval_RMSE_dH0": 15.82359790802002,
      "eval_loss": 0.30440518260002136,
      "eval_runtime": 0.157,
      "eval_samples_per_second": 649.53,
      "eval_scaled_MAE": 0.42224857211112976,
      "eval_scaled_MSE_loss": 0.30440518260002136,
      "eval_scaled_R2": 0.6819270146704695,
      "eval_scaled_RMSE": 0.5446531772613525,
      "eval_steps_per_second": 44.576,
      "step": 1089
    },
    {
      "epoch": 10.0,
      "learning_rate": 7.966132823091472e-05,
      "loss": 0.0783,
      "step": 1210
    },
    {
      "epoch": 10.0,
      "eval_MAE": 12.07332706451416,
      "eval_MAE_dE0": 13.247016906738281,
      "eval_MAE_dH0": 10.89963436126709,
      "eval_R2": 0.6870288808592626,
      "eval_R2_dE0": 0.583110188176226,
      "eval_R2_dH0": 0.7909475735996934,
      "eval_RMSE": 16.107913970947266,
      "eval_RMSE_dE0": 16.773193359375,
      "eval_RMSE_dH0": 15.442630767822266,
      "eval_loss": 0.29956114292144775,
      "eval_runtime": 0.1547,
      "eval_samples_per_second": 659.501,
      "eval_scaled_MAE": 0.4071778357028961,
      "eval_scaled_MSE_loss": 0.29956114292144775,
      "eval_scaled_R2": 0.6870288871656693,
      "eval_scaled_RMSE": 0.5392473936080933,
      "eval_steps_per_second": 45.26,
      "step": 1210
    },
    {
      "epoch": 11.0,
      "learning_rate": 7.505258592883129e-05,
      "loss": 0.0701,
      "step": 1331
    },
    {
      "epoch": 11.0,
      "eval_MAE": 12.272308349609375,
      "eval_MAE_dE0": 14.111416816711426,
      "eval_MAE_dH0": 10.43320083618164,
      "eval_R2": 0.680862870552955,
      "eval_R2_dE0": 0.562826619620117,
      "eval_R2_dH0": 0.7988991215459795,
      "eval_RMSE": 16.161243438720703,
      "eval_RMSE_dE0": 17.176393508911133,
      "eval_RMSE_dH0": 15.14609432220459,
      "eval_loss": 0.3055301904678345,
      "eval_runtime": 0.1493,
      "eval_samples_per_second": 683.011,
      "eval_scaled_MAE": 0.41675707697868347,
      "eval_scaled_MSE_loss": 0.30553027987480164,
      "eval_scaled_R2": 0.6808628688847268,
      "eval_scaled_RMSE": 0.5425763130187988,
      "eval_steps_per_second": 46.873,
      "step": 1331
    },
    {
      "epoch": 12.0,
      "learning_rate": 7.013965105631846e-05,
      "loss": 0.0609,
      "step": 1452
    },
    {
      "epoch": 12.0,
      "eval_MAE": 11.954469680786133,
      "eval_MAE_dE0": 13.924705505371094,
      "eval_MAE_dH0": 9.984231948852539,
      "eval_R2": 0.6965342162274444,
      "eval_R2_dE0": 0.5790976304557232,
      "eval_R2_dH0": 0.8139708020571121,
      "eval_RMSE": 15.710596084594727,
      "eval_RMSE_dE0": 16.853721618652344,
      "eval_RMSE_dH0": 14.567474365234375,
      "eval_loss": 0.29055604338645935,
      "eval_runtime": 0.159,
      "eval_samples_per_second": 641.701,
      "eval_scaled_MAE": 0.4067571759223938,
      "eval_scaled_MSE_loss": 0.29055604338645935,
      "eval_scaled_R2": 0.6965342264198239,
      "eval_scaled_RMSE": 0.5281407833099365,
      "eval_steps_per_second": 44.038,
      "step": 1452
    },
    {
      "epoch": 13.0,
      "learning_rate": 6.498217726715345e-05,
      "loss": 0.0533,
      "step": 1573
    },
    {
      "epoch": 13.0,
      "eval_MAE": 12.000001907348633,
      "eval_MAE_dE0": 13.493034362792969,
      "eval_MAE_dH0": 10.50696849822998,
      "eval_R2": 0.7065483408055162,
      "eval_R2_dE0": 0.6065297649265542,
      "eval_R2_dH0": 0.8065669167386479,
      "eval_RMSE": 15.574893951416016,
      "eval_RMSE_dE0": 16.295251846313477,
      "eval_RMSE_dH0": 14.854536056518555,
      "eval_loss": 0.28089243173599243,
      "eval_runtime": 0.1512,
      "eval_samples_per_second": 674.438,
      "eval_scaled_MAE": 0.40615445375442505,
      "eval_scaled_MSE_loss": 0.28089240193367004,
      "eval_scaled_R2": 0.706548343945403,
      "eval_scaled_RMSE": 0.5217456817626953,
      "eval_steps_per_second": 46.285,
      "step": 1573
    },
    {
      "epoch": 14.0,
      "learning_rate": 5.9642787446387124e-05,
      "loss": 0.0486,
      "step": 1694
    },
    {
      "epoch": 14.0,
      "eval_MAE": 11.754050254821777,
      "eval_MAE_dE0": 13.036352157592773,
      "eval_MAE_dH0": 10.471750259399414,
      "eval_R2": 0.7197872530997502,
      "eval_R2_dE0": 0.6212005832452766,
      "eval_R2_dH0": 0.818373923006374,
      "eval_RMSE": 15.19131088256836,
      "eval_RMSE_dE0": 15.988574981689453,
      "eval_RMSE_dH0": 14.39404296875,
      "eval_loss": 0.26823732256889343,
      "eval_runtime": 0.1534,
      "eval_samples_per_second": 665.001,
      "eval_scaled_MAE": 0.3970301151275635,
      "eval_scaled_MSE_loss": 0.26823729276657104,
      "eval_scaled_R2": 0.7197872575937616,
      "eval_scaled_RMSE": 0.509316086769104,
      "eval_steps_per_second": 45.637,
      "step": 1694
    },
    {
      "epoch": 15.0,
      "learning_rate": 5.4186313333094916e-05,
      "loss": 0.0448,
      "step": 1815
    },
    {
      "epoch": 15.0,
      "eval_MAE": 11.708778381347656,
      "eval_MAE_dE0": 13.14205551147461,
      "eval_MAE_dH0": 10.27549934387207,
      "eval_R2": 0.7118715459466854,
      "eval_R2_dE0": 0.6114316237303444,
      "eval_R2_dH0": 0.8123114682165214,
      "eval_RMSE": 15.412864685058594,
      "eval_RMSE_dE0": 16.193429946899414,
      "eval_RMSE_dH0": 14.632298469543457,
      "eval_loss": 0.27580955624580383,
      "eval_runtime": 0.1728,
      "eval_samples_per_second": 590.272,
      "eval_scaled_MAE": 0.39619317650794983,
      "eval_scaled_MSE_loss": 0.27580952644348145,
      "eval_scaled_R2": 0.7118715489537668,
      "eval_scaled_RMSE": 0.5166184306144714,
      "eval_steps_per_second": 40.509,
      "step": 1815
    },
    {
      "epoch": 16.0,
      "learning_rate": 4.867900832286317e-05,
      "loss": 0.0437,
      "step": 1936
    },
    {
      "epoch": 16.0,
      "eval_MAE": 11.958287239074707,
      "eval_MAE_dE0": 13.877291679382324,
      "eval_MAE_dH0": 10.03927993774414,
      "eval_R2": 0.6989179790900028,
      "eval_R2_dE0": 0.5811012659016344,
      "eval_R2_dH0": 0.8167346923360417,
      "eval_RMSE": 15.636205673217773,
      "eval_RMSE_dE0": 16.81355857849121,
      "eval_RMSE_dH0": 14.45885181427002,
      "eval_loss": 0.2882809638977051,
      "eval_runtime": 0.1608,
      "eval_samples_per_second": 634.381,
      "eval_scaled_MAE": 0.40665680170059204,
      "eval_scaled_MSE_loss": 0.2882809638977051,
      "eval_scaled_R2": 0.6989179836732043,
      "eval_scaled_RMSE": 0.5258159637451172,
      "eval_steps_per_second": 43.536,
      "step": 1936
    },
    {
      "epoch": 17.0,
      "learning_rate": 4.3187743008291034e-05,
      "loss": 0.0398,
      "step": 2057
    },
    {
      "epoch": 17.0,
      "eval_MAE": 11.745619773864746,
      "eval_MAE_dE0": 13.138327598571777,
      "eval_MAE_dH0": 10.352913856506348,
      "eval_R2": 0.7113834384555383,
      "eval_R2_dE0": 0.6089814590948642,
      "eval_R2_dH0": 0.8137854178700448,
      "eval_RMSE": 15.409566879272461,
      "eval_RMSE_dE0": 16.244403839111328,
      "eval_RMSE_dH0": 14.57473087310791,
      "eval_loss": 0.276286780834198,
      "eval_runtime": 0.1686,
      "eval_samples_per_second": 604.878,
      "eval_scaled_MAE": 0.397239625453949,
      "eval_scaled_MSE_loss": 0.2762867510318756,
      "eval_scaled_R2": 0.7113834444763202,
      "eval_scaled_RMSE": 0.5167496204376221,
      "eval_steps_per_second": 41.511,
      "step": 2057
    },
    {
      "epoch": 18.0,
      "learning_rate": 3.7779193225385784e-05,
      "loss": 0.039,
      "step": 2178
    },
    {
      "epoch": 18.0,
      "eval_MAE": 11.554037094116211,
      "eval_MAE_dE0": 13.263748168945312,
      "eval_MAE_dH0": 9.84432601928711,
      "eval_R2": 0.7106401546928363,
      "eval_R2_dE0": 0.5983302951460512,
      "eval_R2_dH0": 0.8229500142949199,
      "eval_RMSE": 15.337861061096191,
      "eval_RMSE_dE0": 16.46416473388672,
      "eval_RMSE_dH0": 14.211557388305664,
      "eval_loss": 0.2770520746707916,
      "eval_runtime": 0.1566,
      "eval_samples_per_second": 651.373,
      "eval_scaled_MAE": 0.3922685384750366,
      "eval_scaled_MSE_loss": 0.27705204486846924,
      "eval_scaled_R2": 0.7106401569690148,
      "eval_scaled_RMSE": 0.5156562924385071,
      "eval_steps_per_second": 44.702,
      "step": 2178
    },
    {
      "epoch": 19.0,
      "learning_rate": 3.251903046472451e-05,
      "loss": 0.0358,
      "step": 2299
    },
    {
      "epoch": 19.0,
      "eval_MAE": 11.587221145629883,
      "eval_MAE_dE0": 13.483351707458496,
      "eval_MAE_dH0": 9.691086769104004,
      "eval_R2": 0.7127713444692879,
      "eval_R2_dE0": 0.5947301168311472,
      "eval_R2_dH0": 0.8308125721632229,
      "eval_RMSE": 15.215099334716797,
      "eval_RMSE_dE0": 16.537784576416016,
      "eval_RMSE_dH0": 13.892416000366211,
      "eval_loss": 0.27504801750183105,
      "eval_runtime": 0.1724,
      "eval_samples_per_second": 591.606,
      "eval_scaled_MAE": 0.3942010700702667,
      "eval_scaled_MSE_loss": 0.27504807710647583,
      "eval_scaled_R2": 0.7127713584230551,
      "eval_scaled_RMSE": 0.5124409794807434,
      "eval_steps_per_second": 40.6,
      "step": 2299
    },
    {
      "epoch": 20.0,
      "learning_rate": 2.7471124477541198e-05,
      "loss": 0.0328,
      "step": 2420
    },
    {
      "epoch": 20.0,
      "eval_MAE": 11.733925819396973,
      "eval_MAE_dE0": 13.526276588439941,
      "eval_MAE_dH0": 9.941572189331055,
      "eval_R2": 0.7128749612611154,
      "eval_R2_dE0": 0.6045689110185891,
      "eval_R2_dH0": 0.8211810115580814,
      "eval_RMSE": 15.309091567993164,
      "eval_RMSE_dE0": 16.335803985595703,
      "eval_RMSE_dH0": 14.282376289367676,
      "eval_loss": 0.2748948335647583,
      "eval_runtime": 0.1796,
      "eval_samples_per_second": 568.032,
      "eval_scaled_MAE": 0.39862459897994995,
      "eval_scaled_MSE_loss": 0.2748948037624359,
      "eval_scaled_R2": 0.7128749746750411,
      "eval_scaled_RMSE": 0.5142562389373779,
      "eval_steps_per_second": 38.983,
      "step": 2420
    },
    {
      "epoch": 21.0,
      "learning_rate": 2.269676775882576e-05,
      "loss": 0.0326,
      "step": 2541
    },
    {
      "epoch": 21.0,
      "eval_MAE": 11.4788818359375,
      "eval_MAE_dE0": 13.175491333007812,
      "eval_MAE_dH0": 9.78227710723877,
      "eval_R2": 0.7201021807179289,
      "eval_R2_dE0": 0.613498533371355,
      "eval_R2_dH0": 0.8267058281177133,
      "eval_RMSE": 15.105157852172852,
      "eval_RMSE_dE0": 16.15030288696289,
      "eval_RMSE_dH0": 14.060011863708496,
      "eval_loss": 0.2679811418056488,
      "eval_runtime": 0.1576,
      "eval_samples_per_second": 647.199,
      "eval_scaled_MAE": 0.3897082805633545,
      "eval_scaled_MSE_loss": 0.2679811418056488,
      "eval_scaled_R2": 0.7201021817195077,
      "eval_scaled_RMSE": 0.5075483322143555,
      "eval_steps_per_second": 44.416,
      "step": 2541
    },
    {
      "epoch": 22.0,
      "learning_rate": 1.825393132388732e-05,
      "loss": 0.032,
      "step": 2662
    },
    {
      "epoch": 22.0,
      "eval_MAE": 11.576515197753906,
      "eval_MAE_dE0": 13.128812789916992,
      "eval_MAE_dH0": 10.024219512939453,
      "eval_R2": 0.7175120063999627,
      "eval_R2_dE0": 0.6190600599614231,
      "eval_R2_dH0": 0.8159639528909471,
      "eval_RMSE": 15.261453628540039,
      "eval_RMSE_dE0": 16.0336856842041,
      "eval_RMSE_dH0": 14.489224433898926,
      "eval_loss": 0.27041006088256836,
      "eval_runtime": 0.1603,
      "eval_samples_per_second": 636.211,
      "eval_scaled_MAE": 0.39231806993484497,
      "eval_scaled_MSE_loss": 0.27041009068489075,
      "eval_scaled_R2": 0.7175120102437993,
      "eval_scaled_RMSE": 0.511540412902832,
      "eval_steps_per_second": 43.662,
      "step": 2662
    },
    {
      "epoch": 23.0,
      "learning_rate": 1.4196560814863569e-05,
      "loss": 0.03,
      "step": 2783
    },
    {
      "epoch": 23.0,
      "eval_MAE": 11.428531646728516,
      "eval_MAE_dE0": 12.920100212097168,
      "eval_MAE_dH0": 9.936965942382812,
      "eval_R2": 0.7244865811923681,
      "eval_R2_dE0": 0.6312835819261575,
      "eval_R2_dH0": 0.8176895805093406,
      "eval_RMSE": 15.097740173339844,
      "eval_RMSE_dE0": 15.774346351623535,
      "eval_RMSE_dH0": 14.421133995056152,
      "eval_loss": 0.26371803879737854,
      "eval_runtime": 0.1585,
      "eval_samples_per_second": 643.366,
      "eval_scaled_MAE": 0.3871215283870697,
      "eval_scaled_MSE_loss": 0.26371797919273376,
      "eval_scaled_R2": 0.7244865879392658,
      "eval_scaled_RMSE": 0.5056651830673218,
      "eval_steps_per_second": 44.153,
      "step": 2783
    },
    {
      "epoch": 24.0,
      "learning_rate": 1.0573921483965627e-05,
      "loss": 0.0282,
      "step": 2904
    },
    {
      "epoch": 24.0,
      "eval_MAE": 11.586273193359375,
      "eval_MAE_dE0": 13.181654930114746,
      "eval_MAE_dH0": 9.990896224975586,
      "eval_R2": 0.7162135599445675,
      "eval_R2_dE0": 0.6150119275719542,
      "eval_R2_dH0": 0.8174151923701828,
      "eval_RMSE": 15.275318145751953,
      "eval_RMSE_dE0": 16.11865234375,
      "eval_RMSE_dH0": 14.431983947753906,
      "eval_loss": 0.2716657817363739,
      "eval_runtime": 0.1557,
      "eval_samples_per_second": 655.152,
      "eval_scaled_MAE": 0.39283430576324463,
      "eval_scaled_MSE_loss": 0.2716658413410187,
      "eval_scaled_R2": 0.71621356303618,
      "eval_scaled_RMSE": 0.5123176574707031,
      "eval_steps_per_second": 44.961,
      "step": 2904
    },
    {
      "epoch": 25.0,
      "learning_rate": 7.43000000677802e-06,
      "loss": 0.027,
      "step": 3025
    },
    {
      "epoch": 25.0,
      "eval_MAE": 11.522890090942383,
      "eval_MAE_dE0": 13.132763862609863,
      "eval_MAE_dH0": 9.91301441192627,
      "eval_R2": 0.717523700382851,
      "eval_R2_dE0": 0.6140554358845963,
      "eval_R2_dH0": 0.8209919649342393,
      "eval_RMSE": 15.21429443359375,
      "eval_RMSE_dE0": 16.138662338256836,
      "eval_RMSE_dH0": 14.289926528930664,
      "eval_loss": 0.27042683959007263,
      "eval_runtime": 0.1697,
      "eval_samples_per_second": 601.211,
      "eval_scaled_MAE": 0.3907882571220398,
      "eval_scaled_MSE_loss": 0.270426869392395,
      "eval_scaled_R2": 0.7175237069322221,
      "eval_scaled_RMSE": 0.5106456279754639,
      "eval_steps_per_second": 41.26,
      "step": 3025
    },
    {
      "epoch": 26.0,
      "learning_rate": 4.802970388894018e-06,
      "loss": 0.0271,
      "step": 3146
    },
    {
      "epoch": 26.0,
      "eval_MAE": 11.363426208496094,
      "eval_MAE_dE0": 12.942106246948242,
      "eval_MAE_dH0": 9.784741401672363,
      "eval_R2": 0.7254402015894769,
      "eval_R2_dE0": 0.6266965853108231,
      "eval_R2_dH0": 0.8241838179195241,
      "eval_RMSE": 15.017056465148926,
      "eval_RMSE_dE0": 15.872161865234375,
      "eval_RMSE_dH0": 14.161951065063477,
      "eval_loss": 0.2628379166126251,
      "eval_runtime": 0.1686,
      "eval_samples_per_second": 605.141,
      "eval_scaled_MAE": 0.3853406310081482,
      "eval_scaled_MSE_loss": 0.26283788681030273,
      "eval_scaled_R2": 0.7254402039290879,
      "eval_scaled_RMSE": 0.5037714242935181,
      "eval_steps_per_second": 41.529,
      "step": 3146
    }
  ],
  "max_steps": 3630,
  "num_train_epochs": 30,
  "total_flos": 73606002462720.0,
  "trial_name": null,
  "trial_params": null
}
