{
  "best_metric": 0.32224300503730774,
  "best_model_checkpoint": "fine_tune/checkpoint-1830",
  "epoch": 15.0,
  "global_step": 1830,
  "is_hyper_param_search": false,
  "is_local_process_zero": true,
  "is_world_process_zero": true,
  "log_history": [
    {
      "epoch": 1.0,
      "learning_rate": 6.666666666666667e-05,
      "loss": 0.9606,
      "step": 122
    },
    {
      "epoch": 1.0,
      "eval_MAE": 19.423851013183594,
      "eval_MAE_dE0": 19.942108154296875,
      "eval_MAE_dH0": 18.90558433532715,
      "eval_R2": 0.33134166084750055,
      "eval_R2_dE0": 0.23531035655432653,
      "eval_R2_dH0": 0.4273729706031213,
      "eval_RMSE": 24.668169021606445,
      "eval_RMSE_dE0": 25.116296768188477,
      "eval_RMSE_dH0": 24.22003746032715,
      "eval_loss": 0.6542984247207642,
      "eval_runtime": 0.2735,
      "eval_samples_per_second": 416.812,
      "eval_scaled_MAE": 0.6291825771331787,
      "eval_scaled_MSE_loss": 0.6542983651161194,
      "eval_scaled_R2": 0.3313416415420986,
      "eval_scaled_RMSE": 0.798058032989502,
      "eval_steps_per_second": 29.25,
      "step": 122
    },
    {
      "epoch": 2.0,
      "learning_rate": 9.992407582166581e-05,
      "loss": 0.5302,
      "step": 244
    },
    {
      "epoch": 2.0,
      "eval_MAE": 14.659543991088867,
      "eval_MAE_dE0": 17.98052406311035,
      "eval_MAE_dH0": 11.3385648727417,
      "eval_R2": 0.5489605425659514,
      "eval_R2_dE0": 0.2973516306841205,
      "eval_R2_dH0": 0.8005694594670465,
      "eval_RMSE": 19.184621810913086,
      "eval_RMSE_dE0": 24.07587432861328,
      "eval_RMSE_dH0": 14.29337215423584,
      "eval_loss": 0.4746142029762268,
      "eval_runtime": 0.1791,
      "eval_samples_per_second": 636.368,
      "eval_scaled_MAE": 0.48880642652511597,
      "eval_scaled_MSE_loss": 0.4746142625808716,
      "eval_scaled_R2": 0.54896053061863,
      "eval_scaled_RMSE": 0.6422860026359558,
      "eval_steps_per_second": 44.657,
      "step": 244
    },
    {
      "epoch": 3.0,
      "learning_rate": 9.931806517013612e-05,
      "loss": 0.3417,
      "step": 366
    },
    {
      "epoch": 3.0,
      "eval_MAE": 13.928078651428223,
      "eval_MAE_dE0": 17.25748634338379,
      "eval_MAE_dH0": 10.598673820495605,
      "eval_R2": 0.5842481601274898,
      "eval_R2_dE0": 0.35175116383816163,
      "eval_R2_dH0": 0.8167451610474872,
      "eval_RMSE": 18.413284301757812,
      "eval_RMSE_dE0": 23.12511444091797,
      "eval_RMSE_dH0": 13.701452255249023,
      "eval_loss": 0.4375842213630676,
      "eval_runtime": 0.1851,
      "eval_samples_per_second": 615.843,
      "eval_scaled_MAE": 0.4652456045150757,
      "eval_scaled_MSE_loss": 0.43758419156074524,
      "eval_scaled_R2": 0.5842481441786921,
      "eval_scaled_RMSE": 0.616544246673584,
      "eval_steps_per_second": 43.217,
      "step": 366
    },
    {
      "epoch": 4.0,
      "learning_rate": 9.811340001546251e-05,
      "loss": 0.2563,
      "step": 488
    },
    {
      "epoch": 4.0,
      "eval_MAE": 12.77817440032959,
      "eval_MAE_dE0": 16.734344482421875,
      "eval_MAE_dH0": 8.822007179260254,
      "eval_R2": 0.6369522096586475,
      "eval_R2_dE0": 0.4061715047845651,
      "eval_R2_dH0": 0.8677329187746555,
      "eval_RMSE": 16.88673973083496,
      "eval_RMSE_dE0": 22.13316535949707,
      "eval_RMSE_dH0": 11.640315055847168,
      "eval_loss": 0.3870539367198944,
      "eval_runtime": 0.1766,
      "eval_samples_per_second": 645.693,
      "eval_scaled_MAE": 0.43112805485725403,
      "eval_scaled_MSE_loss": 0.3870539665222168,
      "eval_scaled_R2": 0.6369522045039426,
      "eval_scaled_RMSE": 0.569835364818573,
      "eval_steps_per_second": 45.312,
      "step": 488
    },
    {
      "epoch": 5.0,
      "learning_rate": 9.632470336074009e-05,
      "loss": 0.2076,
      "step": 610
    },
    {
      "epoch": 5.0,
      "eval_MAE": 12.851080894470215,
      "eval_MAE_dE0": 17.181114196777344,
      "eval_MAE_dH0": 8.521049499511719,
      "eval_R2": 0.6291450046179605,
      "eval_R2_dE0": 0.38290914522414077,
      "eval_R2_dH0": 0.8753808684198771,
      "eval_RMSE": 16.930646896362305,
      "eval_RMSE_dE0": 22.562519073486328,
      "eval_RMSE_dH0": 11.298770904541016,
      "eval_loss": 0.3972453773021698,
      "eval_runtime": 0.1952,
      "eval_samples_per_second": 583.869,
      "eval_scaled_MAE": 0.435260534286499,
      "eval_scaled_MSE_loss": 0.3972453474998474,
      "eval_scaled_R2": 0.6291450094189779,
      "eval_scaled_RMSE": 0.5730873346328735,
      "eval_steps_per_second": 40.973,
      "step": 610
    },
    {
      "epoch": 6.0,
      "learning_rate": 9.397368756032445e-05,
      "loss": 0.1561,
      "step": 732
    },
    {
      "epoch": 6.0,
      "eval_MAE": 12.626466751098633,
      "eval_MAE_dE0": 15.795653343200684,
      "eval_MAE_dH0": 9.457279205322266,
      "eval_R2": 0.6489723186005312,
      "eval_R2_dE0": 0.4620510222286026,
      "eval_R2_dH0": 0.8358936188152184,
      "eval_RMSE": 17.01597023010254,
      "eval_RMSE_dE0": 21.066072463989258,
      "eval_RMSE_dH0": 12.965867042541504,
      "eval_loss": 0.36779123544692993,
      "eval_runtime": 0.1764,
      "eval_samples_per_second": 646.129,
      "eval_scaled_MAE": 0.42248594760894775,
      "eval_scaled_MSE_loss": 0.36779114603996277,
      "eval_scaled_R2": 0.6489723170896108,
      "eval_scaled_RMSE": 0.5683087706565857,
      "eval_steps_per_second": 45.342,
      "step": 732
    },
    {
      "epoch": 7.0,
      "learning_rate": 9.108889076126226e-05,
      "loss": 0.1328,
      "step": 854
    },
    {
      "epoch": 7.0,
      "eval_MAE": 12.983652114868164,
      "eval_MAE_dE0": 16.953886032104492,
      "eval_MAE_dH0": 9.013419151306152,
      "eval_R2": 0.6259351116721013,
      "eval_R2_dE0": 0.3951646231684739,
      "eval_R2_dH0": 0.85670560449628,
      "eval_RMSE": 17.226593017578125,
      "eval_RMSE_dE0": 22.33734893798828,
      "eval_RMSE_dH0": 12.115838050842285,
      "eval_loss": 0.39755094051361084,
      "eval_runtime": 0.1796,
      "eval_samples_per_second": 634.775,
      "eval_scaled_MAE": 0.4378248155117035,
      "eval_scaled_MSE_loss": 0.3975509703159332,
      "eval_scaled_R2": 0.6259351064917945,
      "eval_scaled_RMSE": 0.5801548957824707,
      "eval_steps_per_second": 44.546,
      "step": 854
    },
    {
      "epoch": 8.0,
      "learning_rate": 8.770533048884482e-05,
      "loss": 0.1109,
      "step": 976
    },
    {
      "epoch": 8.0,
      "eval_MAE": 12.744247436523438,
      "eval_MAE_dE0": 16.288742065429688,
      "eval_MAE_dH0": 9.199753761291504,
      "eval_R2": 0.6572040700246926,
      "eval_R2_dE0": 0.4557686295931893,
      "eval_R2_dH0": 0.8586395143438319,
      "eval_RMSE": 16.611263275146484,
      "eval_RMSE_dE0": 21.188724517822266,
      "eval_RMSE_dH0": 12.033802032470703,
      "eval_loss": 0.3625306189060211,
      "eval_runtime": 0.1812,
      "eval_samples_per_second": 629.088,
      "eval_scaled_MAE": 0.4280732274055481,
      "eval_scaled_MSE_loss": 0.36253058910369873,
      "eval_scaled_R2": 0.657204053704354,
      "eval_scaled_RMSE": 0.5577618479728699,
      "eval_steps_per_second": 44.147,
      "step": 976
    },
    {
      "epoch": 9.0,
      "learning_rate": 8.386407858128706e-05,
      "loss": 0.0942,
      "step": 1098
    },
    {
      "epoch": 9.0,
      "eval_MAE": 12.635967254638672,
      "eval_MAE_dE0": 16.270458221435547,
      "eval_MAE_dH0": 9.001479148864746,
      "eval_R2": 0.650257120193011,
      "eval_R2_dE0": 0.4512067388775095,
      "eval_R2_dH0": 0.8493075054287355,
      "eval_RMSE": 16.85100555419922,
      "eval_RMSE_dE0": 21.27734375,
      "eval_RMSE_dH0": 12.424663543701172,
      "eval_loss": 0.36872613430023193,
      "eval_runtime": 0.1618,
      "eval_samples_per_second": 704.601,
      "eval_scaled_MAE": 0.42500796914100647,
      "eval_scaled_MSE_loss": 0.36872613430023193,
      "eval_scaled_R2": 0.6502571179582513,
      "eval_scaled_RMSE": 0.5647775530815125,
      "eval_steps_per_second": 49.446,
      "step": 1098
    },
    {
      "epoch": 10.0,
      "learning_rate": 7.961176263324901e-05,
      "loss": 0.0783,
      "step": 1220
    },
    {
      "epoch": 10.0,
      "eval_MAE": 13.106433868408203,
      "eval_MAE_dE0": 16.58222007751465,
      "eval_MAE_dH0": 9.630644798278809,
      "eval_R2": 0.6360114633647408,
      "eval_R2_dE0": 0.4299755186344443,
      "eval_R2_dH0": 0.8420474121669224,
      "eval_RMSE": 17.202730178833008,
      "eval_RMSE_dE0": 21.68501853942871,
      "eval_RMSE_dH0": 12.720443725585938,
      "eval_loss": 0.38354524970054626,
      "eval_runtime": 0.1704,
      "eval_samples_per_second": 668.91,
      "eval_scaled_MAE": 0.4394320249557495,
      "eval_scaled_MSE_loss": 0.38354524970054626,
      "eval_scaled_R2": 0.6360114566910469,
      "eval_scaled_RMSE": 0.576392412185669,
      "eval_steps_per_second": 46.941,
      "step": 1220
    },
    {
      "epoch": 11.0,
      "learning_rate": 7.500000000000001e-05,
      "loss": 0.0737,
      "step": 1342
    },
    {
      "epoch": 11.0,
      "eval_MAE": 12.547236442565918,
      "eval_MAE_dE0": 16.227340698242188,
      "eval_MAE_dH0": 8.867135047912598,
      "eval_R2": 0.6419314454357168,
      "eval_R2_dE0": 0.4220217356620989,
      "eval_R2_dH0": 0.8618411593380365,
      "eval_RMSE": 16.86626434326172,
      "eval_RMSE_dE0": 21.835783004760742,
      "eval_RMSE_dH0": 11.896745681762695,
      "eval_loss": 0.38037365674972534,
      "eval_runtime": 0.155,
      "eval_samples_per_second": 735.377,
      "eval_scaled_MAE": 0.4223623275756836,
      "eval_scaled_MSE_loss": 0.38037365674972534,
      "eval_scaled_R2": 0.6419314400115733,
      "eval_scaled_RMSE": 0.5678562521934509,
      "eval_steps_per_second": 51.605,
      "step": 1342
    },
    {
      "epoch": 12.0,
      "learning_rate": 7.008477123264848e-05,
      "loss": 0.0654,
      "step": 1464
    },
    {
      "epoch": 12.0,
      "eval_MAE": 12.233041763305664,
      "eval_MAE_dE0": 15.90042781829834,
      "eval_MAE_dH0": 8.565657615661621,
      "eval_R2": 0.6559757328769111,
      "eval_R2_dE0": 0.4369069920585391,
      "eval_R2_dH0": 0.8750444777176543,
      "eval_RMSE": 16.43338966369629,
      "eval_RMSE_dE0": 21.552770614624023,
      "eval_RMSE_dH0": 11.314010620117188,
      "eval_loss": 0.36684033274650574,
      "eval_runtime": 0.1629,
      "eval_samples_per_second": 699.692,
      "eval_scaled_MAE": 0.41216418147087097,
      "eval_scaled_MSE_loss": 0.36684033274650574,
      "eval_scaled_R2": 0.6559757265153074,
      "eval_scaled_RMSE": 0.5546029806137085,
      "eval_steps_per_second": 49.101,
      "step": 1464
    },
    {
      "epoch": 13.0,
      "learning_rate": 6.492574055008473e-05,
      "loss": 0.0578,
      "step": 1586
    },
    {
      "epoch": 13.0,
      "eval_MAE": 12.093470573425293,
      "eval_MAE_dE0": 15.68619155883789,
      "eval_MAE_dH0": 8.500754356384277,
      "eval_R2": 0.6716307545237252,
      "eval_R2_dE0": 0.46548680019811384,
      "eval_R2_dH0": 0.8777747126675521,
      "eval_RMSE": 16.094207763671875,
      "eval_RMSE_dE0": 20.99869155883789,
      "eval_RMSE_dH0": 11.18972396850586,
      "eval_loss": 0.34962087869644165,
      "eval_runtime": 0.1768,
      "eval_samples_per_second": 644.682,
      "eval_scaled_MAE": 0.40730535984039307,
      "eval_scaled_MSE_loss": 0.34962084889411926,
      "eval_scaled_R2": 0.6716307447795266,
      "eval_scaled_RMSE": 0.5426360964775085,
      "eval_steps_per_second": 45.241,
      "step": 1586
    },
    {
      "epoch": 14.0,
      "learning_rate": 5.958553159618693e-05,
      "loss": 0.0524,
      "step": 1708
    },
    {
      "epoch": 14.0,
      "eval_MAE": 11.725381851196289,
      "eval_MAE_dE0": 15.31961441040039,
      "eval_MAE_dH0": 8.13115406036377,
      "eval_R2": 0.6823102815956403,
      "eval_R2_dE0": 0.4751890981027498,
      "eval_R2_dH0": 0.8894314688374394,
      "eval_RMSE": 15.725004196166992,
      "eval_RMSE_dE0": 20.807239532470703,
      "eval_RMSE_dH0": 10.642767906188965,
      "eval_loss": 0.33961766958236694,
      "eval_runtime": 0.1644,
      "eval_samples_per_second": 693.492,
      "eval_scaled_MAE": 0.3954361379146576,
      "eval_scaled_MSE_loss": 0.33961766958236694,
      "eval_scaled_R2": 0.6823102745127296,
      "eval_scaled_RMSE": 0.5315698981285095,
      "eval_steps_per_second": 48.666,
      "step": 1708
    },
    {
      "epoch": 15.0,
      "learning_rate": 5.4128967273616625e-05,
      "loss": 0.0483,
      "step": 1830
    },
    {
      "epoch": 15.0,
      "eval_MAE": 11.553613662719727,
      "eval_MAE_dE0": 15.002992630004883,
      "eval_MAE_dH0": 8.10423469543457,
      "eval_R2": 0.6974353199462688,
      "eval_R2_dE0": 0.5069473194836267,
      "eval_R2_dH0": 0.8879233239309593,
      "eval_RMSE": 15.44148063659668,
      "eval_RMSE_dE0": 20.167856216430664,
      "eval_RMSE_dH0": 10.715106010437012,
      "eval_loss": 0.32224300503730774,
      "eval_runtime": 0.1599,
      "eval_samples_per_second": 713.029,
      "eval_scaled_MAE": 0.3892042934894562,
      "eval_scaled_MSE_loss": 0.32224300503730774,
      "eval_scaled_R2": 0.6974353149473607,
      "eval_scaled_RMSE": 0.5207275152206421,
      "eval_steps_per_second": 50.037,
      "step": 1830
    }
  ],
  "max_steps": 3660,
  "num_train_epochs": 30,
  "total_flos": 42684799564800.0,
  "trial_name": null,
  "trial_params": null
}
